Date,Time,Temperature,,,Year,Stream,Kittle,Mile,Easting,Northing
5/23/1998,00:12:12.0,58.7,,,1998,Jackson Cr.,S-88-8-2,0.2,729344,5311756
5/23/1998,02:12:12.0,57.4,,,,,,,,
5/23/1998,04:12:12.0,56,,,,,,,,
5/23/1998,06:12:12.0,54.6,,,,,,,,
5/23/1998,08:12:12.0,54.6,,,,,,,,
5/23/1998,10:12:12.0,56.7,,,,,,,,
5/23/1998,12:12:12.0,60.8,,,,,,,,
5/23/1998,14:12:12.0,64.2,,,,,,,,
5/23/1998,16:12:12.0,65.6,,,,,,,,
5/23/1998,18:12:12.0,65.6,,,,,,,,
5/23/1998,20:12:12.0,64.2,,,,,,,,
5/23/1998,22:12:12.0,61.5,,,,,,,,
5/24/1998,00:12:12.0,59.4,,,,,,,,
5/24/1998,02:12:12.0,58,,,,,,,,
5/24/1998,04:12:12.0,56.7,,,,,,,,
5/24/1998,06:12:12.0,55.3,,,,,,,,
5/24/1998,08:12:12.0,55.3,,,,,,,,
5/24/1998,10:12:12.0,56.7,,,,,,,,
5/24/1998,12:12:12.0,60.8,,,,,,,,
5/24/1998,14:12:12.0,63.5,,,,,,,,
5/24/1998,16:12:12.0,65.6,,,,,,,,
5/24/1998,18:12:12.0,65.6,,,,,,,,
5/24/1998,20:12:12.0,64.2,,,,,,,,
5/24/1998,22:12:12.0,62.2,,,,,,,,
5/25/1998,00:12:12.0,60.1,,,,,,,,
5/25/1998,02:12:12.0,58,,,,,,,,
5/25/1998,04:12:12.0,56.7,,,,,,,,
5/25/1998,06:12:12.0,55.3,,,,,,,,
5/25/1998,08:12:12.0,55.3,,,,,,,,
5/25/1998,10:12:12.0,57.4,,,,,,,,
5/25/1998,12:12:12.0,60.8,,,,,,,,
5/25/1998,14:12:12.0,63.5,,,,,,,,
5/25/1998,16:12:12.0,64.2,,,,,,,,
5/25/1998,18:12:12.0,64.2,,,,,,,,
5/25/1998,20:12:12.0,63.5,,,,,,,,
5/25/1998,22:12:12.0,61.5,,,,,,,,
5/26/1998,00:12:12.0,60.1,,,,,,,,
5/26/1998,02:12:12.0,58,,,,,,,,
5/26/1998,04:12:12.0,56,,,,,,,,
5/26/1998,06:12:12.0,55.3,,,,,,,,
5/26/1998,08:12:12.0,54.6,,,,,,,,
5/26/1998,10:12:12.0,56,,,,,,,,
5/26/1998,12:12:12.0,58.7,,,,,,,,
5/26/1998,14:12:12.0,61.5,,,,,,,,
5/26/1998,16:12:12.0,63.5,,,,,,,,
5/26/1998,18:12:12.0,63.5,,,,,,,,
5/26/1998,20:12:12.0,61.5,,,,,,,,
5/26/1998,22:12:12.0,59.4,,,,,,,,
5/27/1998,00:12:12.0,57.4,,,,,,,,
5/27/1998,02:12:12.0,54.6,,,,,,,,
5/27/1998,04:12:12.0,53.9,,,,,,,,
5/27/1998,06:12:12.0,53.2,,,,,,,,
5/27/1998,08:12:12.0,53.2,,,,,,,,
5/27/1998,10:12:12.0,56,,,,,,,,
5/27/1998,12:12:12.0,60.1,,,,,,,,
5/27/1998,14:12:12.0,63.5,,,,,,,,
5/27/1998,16:12:12.0,64.2,,,,,,,,
5/27/1998,18:12:12.0,63.5,,,,,,,,
5/27/1998,20:12:12.0,62.2,,,,,,,,
5/27/1998,22:12:12.0,60.8,,,,,,,,
5/28/1998,00:12:12.0,60.1,,,,,,,,
5/28/1998,02:12:12.0,59.4,,,,,,,,
5/28/1998,04:12:12.0,58.7,,,,,,,,
5/28/1998,06:12:12.0,58.7,,,,,,,,
5/28/1998,08:12:12.0,60.1,,,,,,,,
5/28/1998,10:12:12.0,61.5,,,,,,,,
5/28/1998,12:12:12.0,64.9,,,,,,,,
5/28/1998,14:12:12.0,68.4,,,,,,,,
5/28/1998,16:12:12.0,69.7,,,,,,,,
5/28/1998,18:12:12.0,70.4,,,,,,,,
5/28/1998,20:12:12.0,68.4,,,,,,,,
5/28/1998,22:12:12.0,67,,,,,,,,
5/29/1998,00:12:12.0,65.6,,,,,,,,
5/29/1998,02:12:12.0,64.2,,,,,,,,
5/29/1998,04:12:12.0,62.8,,,,,,,,
5/29/1998,06:12:12.0,62.2,,,,,,,,
5/29/1998,08:12:12.0,61.5,,,,,,,,
5/29/1998,10:12:12.0,61.5,,,,,,,,
5/29/1998,12:12:12.0,62.8,,,,,,,,
5/29/1998,14:12:12.0,64.2,,,,,,,,
5/29/1998,16:12:12.0,64.9,,,,,,,,
5/29/1998,18:12:12.0,64.2,,,,,,,,
5/29/1998,20:12:12.0,62.8,,,,,,,,
5/29/1998,22:12:12.0,60.8,,,,,,,,
5/30/1998,00:12:12.0,59.4,,,,,,,,
5/30/1998,02:12:12.0,58,,,,,,,,
5/30/1998,04:12:12.0,56.7,,,,,,,,
5/30/1998,06:12:12.0,56,,,,,,,,
5/30/1998,08:12:12.0,56,,,,,,,,
5/30/1998,10:12:12.0,56.7,,,,,,,,
5/30/1998,12:12:12.0,56.7,,,,,,,,
5/30/1998,14:12:12.0,56,,,,,,,,
5/30/1998,16:12:12.0,56,,,,,,,,
5/30/1998,18:12:12.0,56,,,,,,,,
5/30/1998,20:12:12.0,56,,,,,,,,
5/30/1998,22:12:12.0,55.3,,,,,,,,
5/31/1998,00:12:12.0,55.3,,,,,,,,
5/31/1998,02:12:12.0,55.3,,,,,,,,
5/31/1998,04:12:12.0,55.3,,,,,,,,
5/31/1998,06:12:12.0,55.3,,,,,,,,
5/31/1998,08:12:12.0,54.6,,,,,,,,
5/31/1998,10:12:12.0,54.6,,,,,,,,
5/31/1998,12:12:12.0,56,,,,,,,,
5/31/1998,14:12:12.0,58.7,,,,,,,,
5/31/1998,16:12:12.0,58.7,,,,,,,,
5/31/1998,18:12:12.0,58,,,,,,,,
5/31/1998,20:12:12.0,56.7,,,,,,,,
5/31/1998,22:12:12.0,56,,,,,,,,
6/1/1998,00:12:12.0,54.6,,,,,,,,
6/1/1998,02:12:12.0,53.9,,,,,,,,
6/1/1998,04:12:12.0,53.9,,,,,,,,
6/1/1998,06:12:12.0,53.9,,,,,,,,
6/1/1998,08:12:12.0,53.9,,,,,,,,
6/1/1998,10:12:12.0,53.9,,,,,,,,
6/1/1998,12:12:12.0,53.9,,,,,,,,
6/1/1998,14:12:12.0,53.9,,,,,,,,
6/1/1998,16:12:12.0,53.9,,,,,,,,
6/1/1998,18:12:12.0,53.2,,,,,,,,
6/1/1998,20:12:12.0,53.2,,,,,,,,
6/1/1998,22:12:12.0,52.5,,,,,,,,
6/2/1998,00:12:12.0,52.5,,,,,,,,
6/2/1998,02:12:12.0,51.8,,,,,,,,
6/2/1998,04:12:12.0,51.8,,,,,,,,
6/2/1998,06:12:12.0,51.1,,,,,,,,
6/2/1998,08:12:12.0,51.1,,,,,,,,
6/2/1998,10:12:12.0,51.1,,,,,,,,
6/2/1998,12:12:12.0,51.8,,,,,,,,
6/2/1998,14:12:12.0,54.6,,,,,,,,
6/2/1998,16:12:12.0,54.6,,,,,,,,
6/2/1998,18:12:12.0,54.6,,,,,,,,
6/2/1998,20:12:12.0,53.2,,,,,,,,
6/2/1998,22:12:12.0,52.5,,,,,,,,
6/3/1998,00:12:12.0,51.8,,,,,,,,
6/3/1998,02:12:12.0,51.1,,,,,,,,
6/3/1998,04:12:12.0,50.4,,,,,,,,
6/3/1998,06:12:12.0,49.7,,,,,,,,
6/3/1998,08:12:12.0,49.7,,,,,,,,
6/3/1998,10:12:12.0,49.7,,,,,,,,
6/3/1998,12:12:12.0,50.4,,,,,,,,
6/3/1998,14:12:12.0,50.4,,,,,,,,
6/3/1998,16:12:12.0,51.8,,,,,,,,
6/3/1998,18:12:12.0,52.5,,,,,,,,
6/3/1998,20:12:12.0,52.5,,,,,,,,
6/3/1998,22:12:12.0,51.8,,,,,,,,
6/4/1998,00:12:12.0,51.1,,,,,,,,
6/4/1998,02:12:12.0,50.4,,,,,,,,
6/4/1998,04:12:12.0,49.7,,,,,,,,
6/4/1998,06:12:12.0,49,,,,,,,,
6/4/1998,08:12:12.0,49,,,,,,,,
6/4/1998,10:12:12.0,49.7,,,,,,,,
6/4/1998,12:12:12.0,51.1,,,,,,,,
6/4/1998,14:12:12.0,53.2,,,,,,,,
6/4/1998,16:12:12.0,53.2,,,,,,,,
6/4/1998,18:12:12.0,53.9,,,,,,,,
6/4/1998,20:12:12.0,53.2,,,,,,,,
6/4/1998,22:12:12.0,52.5,,,,,,,,
6/5/1998,00:12:12.0,51.8,,,,,,,,
6/5/1998,02:12:12.0,51.1,,,,,,,,
6/5/1998,04:12:12.0,50.4,,,,,,,,
6/5/1998,06:12:12.0,50.4,,,,,,,,
6/5/1998,08:12:12.0,50.4,,,,,,,,
6/5/1998,10:12:12.0,51.1,,,,,,,,
6/5/1998,12:12:12.0,51.1,,,,,,,,
6/5/1998,14:12:12.0,51.8,,,,,,,,
6/5/1998,16:12:12.0,51.8,,,,,,,,
6/5/1998,18:12:12.0,52.5,,,,,,,,
6/5/1998,20:12:12.0,52.5,,,,,,,,
6/5/1998,22:12:12.0,52.5,,,,,,,,
6/6/1998,00:12:12.0,51.8,,,,,,,,
6/6/1998,02:12:12.0,50.4,,,,,,,,
6/6/1998,04:12:12.0,49.7,,,,,,,,
6/6/1998,06:12:12.0,49,,,,,,,,
6/6/1998,08:12:12.0,49,,,,,,,,
6/6/1998,10:12:12.0,50.4,,,,,,,,
6/6/1998,12:12:12.0,51.1,,,,,,,,
6/6/1998,14:12:12.0,51.8,,,,,,,,
6/6/1998,16:12:12.0,52.5,,,,,,,,
6/6/1998,18:12:12.0,52.5,,,,,,,,
6/6/1998,20:12:12.0,52.5,,,,,,,,
6/6/1998,22:12:12.0,51.8,,,,,,,,
6/7/1998,00:12:12.0,51.8,,,,,,,,
6/7/1998,02:12:12.0,51.1,,,,,,,,
6/7/1998,04:12:12.0,51.1,,,,,,,,
6/7/1998,06:12:12.0,50.4,,,,,,,,
6/7/1998,08:12:12.0,51.1,,,,,,,,
6/7/1998,10:12:12.0,51.8,,,,,,,,
6/7/1998,12:12:12.0,52.5,,,,,,,,
6/7/1998,14:12:12.0,53.2,,,,,,,,
6/7/1998,16:12:12.0,53.9,,,,,,,,
6/7/1998,18:12:12.0,54.6,,,,,,,,
6/7/1998,20:12:12.0,54.6,,,,,,,,
6/7/1998,22:12:12.0,54.6,,,,,,,,
6/8/1998,00:12:12.0,53.9,,,,,,,,
6/8/1998,02:12:12.0,53.2,,,,,,,,
6/8/1998,04:12:12.0,53.2,,,,,,,,
6/8/1998,06:12:12.0,52.5,,,,,,,,
6/8/1998,08:12:12.0,51.8,,,,,,,,
6/8/1998,10:12:12.0,53.2,,,,,,,,
6/8/1998,12:12:12.0,56,,,,,,,,
6/8/1998,14:12:12.0,59.4,,,,,,,,
6/8/1998,16:12:12.0,60.8,,,,,,,,
6/8/1998,18:12:12.0,61.5,,,,,,,,
6/8/1998,20:12:12.0,60.8,,,,,,,,
6/8/1998,22:12:12.0,58.7,,,,,,,,
6/9/1998,00:12:12.0,56.7,,,,,,,,
6/9/1998,02:12:12.0,55.3,,,,,,,,
6/9/1998,04:12:12.0,53.9,,,,,,,,
6/9/1998,06:12:12.0,52.5,,,,,,,,
6/9/1998,08:12:12.0,52.5,,,,,,,,
6/9/1998,10:12:12.0,53.9,,,,,,,,
6/9/1998,12:12:12.0,57.4,,,,,,,,
6/9/1998,14:12:12.0,59.4,,,,,,,,
6/9/1998,16:12:12.0,60.8,,,,,,,,
6/9/1998,18:12:12.0,60.8,,,,,,,,
6/9/1998,20:12:12.0,60.8,,,,,,,,
6/9/1998,22:12:12.0,59.4,,,,,,,,
6/10/1998,00:12:12.0,57.4,,,,,,,,
6/10/1998,02:12:12.0,56.7,,,,,,,,
6/10/1998,04:12:12.0,56,,,,,,,,
6/10/1998,06:12:12.0,55.3,,,,,,,,
6/10/1998,08:12:12.0,55.3,,,,,,,,
6/10/1998,10:12:12.0,56,,,,,,,,
6/10/1998,12:12:12.0,57.4,,,,,,,,
6/10/1998,14:12:12.0,58.7,,,,,,,,
6/10/1998,16:12:12.0,59.4,,,,,,,,
6/10/1998,18:12:12.0,59.4,,,,,,,,
6/10/1998,20:12:12.0,58.7,,,,,,,,
6/10/1998,22:12:12.0,58,,,,,,,,
6/11/1998,00:12:12.0,57.4,,,,,,,,
6/11/1998,02:12:12.0,57.4,,,,,,,,
6/11/1998,04:12:12.0,56.7,,,,,,,,
6/11/1998,06:12:12.0,56.7,,,,,,,,
6/11/1998,08:12:12.0,56.7,,,,,,,,
6/11/1998,10:12:12.0,56.7,,,,,,,,
6/11/1998,12:12:12.0,56.7,,,,,,,,
6/11/1998,14:12:12.0,56.7,,,,,,,,
6/11/1998,16:12:12.0,56.7,,,,,,,,
6/11/1998,18:12:12.0,56.7,,,,,,,,
6/11/1998,20:12:12.0,56.7,,,,,,,,
6/11/1998,22:12:12.0,56.7,,,,,,,,
6/12/1998,00:12:12.0,56.7,,,,,,,,
6/12/1998,02:12:12.0,56.7,,,,,,,,
6/12/1998,04:12:12.0,56.7,,,,,,,,
6/12/1998,06:12:12.0,56.7,,,,,,,,
6/12/1998,08:12:12.0,56.7,,,,,,,,
6/12/1998,10:12:12.0,56.7,,,,,,,,
6/12/1998,12:12:12.0,57.4,,,,,,,,
6/12/1998,14:12:12.0,57.4,,,,,,,,
6/12/1998,16:12:12.0,58,,,,,,,,
6/12/1998,18:12:12.0,58.7,,,,,,,,
6/12/1998,20:12:12.0,58,,,,,,,,
6/12/1998,22:12:12.0,58,,,,,,,,
6/13/1998,00:12:12.0,57.4,,,,,,,,
6/13/1998,02:12:12.0,57.4,,,,,,,,
6/13/1998,04:12:12.0,56.7,,,,,,,,
6/13/1998,06:12:12.0,56,,,,,,,,
6/13/1998,08:12:12.0,56,,,,,,,,
6/13/1998,10:12:12.0,56.7,,,,,,,,
6/13/1998,12:12:12.0,59.4,,,,,,,,
6/13/1998,14:12:12.0,65.6,,,,,,,,
6/13/1998,16:12:12.0,66.3,,,,,,,,
6/13/1998,18:12:12.0,67.7,,,,,,,,
6/13/1998,20:12:12.0,67,,,,,,,,
6/13/1998,22:12:12.0,64.9,,,,,,,,
6/14/1998,00:12:12.0,63.5,,,,,,,,
6/14/1998,02:12:12.0,61.5,,,,,,,,
6/14/1998,04:12:12.0,60.1,,,,,,,,
6/14/1998,06:12:12.0,59.4,,,,,,,,
6/14/1998,08:12:12.0,58.7,,,,,,,,
6/14/1998,10:12:12.0,60.8,,,,,,,,
6/14/1998,12:12:12.0,64.9,,,,,,,,
6/14/1998,14:12:12.0,68.4,,,,,,,,
6/14/1998,16:12:12.0,71.8,,,,,,,,
6/14/1998,18:12:12.0,71.8,,,,,,,,
6/14/1998,20:12:12.0,70.4,,,,,,,,
6/14/1998,22:12:12.0,67.7,,,,,,,,
6/15/1998,00:12:12.0,66.3,,,,,,,,
6/15/1998,02:12:12.0,64.2,,,,,,,,
6/15/1998,04:12:12.0,62.8,,,,,,,,
6/15/1998,06:12:12.0,61.5,,,,,,,,
6/15/1998,08:12:12.0,61.5,,,,,,,,
6/15/1998,10:12:12.0,62.8,,,,,,,,
6/15/1998,12:12:12.0,65.6,,,,,,,,
6/15/1998,14:12:12.0,69,,,,,,,,
6/15/1998,16:12:12.0,71.8,,,,,,,,
6/15/1998,18:12:12.0,72.5,,,,,,,,
6/15/1998,20:12:12.0,71.1,,,,,,,,
6/15/1998,22:12:12.0,69.7,,,,,,,,
6/16/1998,00:12:12.0,68.4,,,,,,,,
6/16/1998,02:12:12.0,66.3,,,,,,,,
6/16/1998,04:12:12.0,64.9,,,,,,,,
6/16/1998,06:12:12.0,64.2,,,,,,,,
6/16/1998,08:12:12.0,63.5,,,,,,,,
6/16/1998,10:12:12.0,64.9,,,,,,,,
6/16/1998,12:12:12.0,67,,,,,,,,
6/16/1998,14:12:12.0,70.4,,,,,,,,
6/16/1998,16:12:12.0,73.2,,,,,,,,
6/16/1998,18:12:12.0,73.2,,,,,,,,
6/16/1998,20:12:12.0,71.8,,,,,,,,
6/16/1998,22:12:12.0,69.7,,,,,,,,
6/17/1998,00:12:12.0,67.7,,,,,,,,
6/17/1998,02:12:12.0,65.6,,,,,,,,
6/17/1998,04:12:12.0,64.2,,,,,,,,
6/17/1998,06:12:12.0,63.5,,,,,,,,
6/17/1998,08:12:12.0,62.8,,,,,,,,
6/17/1998,10:12:12.0,64.2,,,,,,,,
6/17/1998,12:12:12.0,68.4,,,,,,,,
6/17/1998,14:12:12.0,70.4,,,,,,,,
6/17/1998,16:12:12.0,71.8,,,,,,,,
6/17/1998,18:12:12.0,71.8,,,,,,,,
6/17/1998,20:12:12.0,71.1,,,,,,,,
6/17/1998,22:12:12.0,69,,,,,,,,
6/18/1998,00:12:12.0,67,,,,,,,,
6/18/1998,02:12:12.0,66.3,,,,,,,,
6/18/1998,04:12:12.0,65.6,,,,,,,,
6/18/1998,06:12:12.0,64.9,,,,,,,,
6/18/1998,08:12:12.0,64.9,,,,,,,,
6/18/1998,10:12:12.0,65.6,,,,,,,,
6/18/1998,12:12:12.0,66.3,,,,,,,,
6/18/1998,14:12:12.0,65.6,,,,,,,,
6/18/1998,16:12:12.0,66.3,,,,,,,,
6/18/1998,18:12:12.0,66.3,,,,,,,,
6/18/1998,20:12:12.0,65.6,,,,,,,,
6/18/1998,22:12:12.0,65.6,,,,,,,,
6/19/1998,00:12:12.0,64.9,,,,,,,,
6/19/1998,02:12:12.0,64.2,,,,,,,,
6/19/1998,04:12:12.0,63.5,,,,,,,,
6/19/1998,06:12:12.0,63.5,,,,,,,,
6/19/1998,08:12:12.0,63.5,,,,,,,,
6/19/1998,10:12:12.0,63.5,,,,,,,,
6/19/1998,12:12:12.0,63.5,,,,,,,,
6/19/1998,14:12:12.0,64.9,,,,,,,,
6/19/1998,16:12:12.0,66.3,,,,,,,,
6/19/1998,18:12:12.0,67,,,,,,,,
6/19/1998,20:12:12.0,67.7,,,,,,,,
6/19/1998,22:12:12.0,66.3,,,,,,,,
6/20/1998,00:12:12.0,65.6,,,,,,,,
6/20/1998,02:12:12.0,64.9,,,,,,,,
6/20/1998,04:12:12.0,64.2,,,,,,,,
6/20/1998,06:12:12.0,64.2,,,,,,,,
6/20/1998,08:12:12.0,64.2,,,,,,,,
6/20/1998,10:12:12.0,64.9,,,,,,,,
6/20/1998,12:12:12.0,67,,,,,,,,
6/20/1998,14:12:12.0,68.4,,,,,,,,
6/20/1998,16:12:12.0,68.4,,,,,,,,
6/20/1998,18:12:12.0,69,,,,,,,,
6/20/1998,20:12:12.0,69,,,,,,,,
6/20/1998,22:12:12.0,67.7,,,,,,,,
6/21/1998,00:12:12.0,67,,,,,,,,
6/21/1998,02:12:12.0,65.6,,,,,,,,
6/21/1998,04:12:12.0,64.9,,,,,,,,
6/21/1998,06:12:12.0,63.5,,,,,,,,
6/21/1998,08:12:12.0,63.5,,,,,,,,
6/21/1998,10:12:12.0,64.9,,,,,,,,
6/21/1998,12:12:12.0,67,,,,,,,,
6/21/1998,14:12:12.0,69.7,,,,,,,,
6/21/1998,16:12:12.0,69.7,,,,,,,,
6/21/1998,18:12:12.0,69.7,,,,,,,,
6/21/1998,20:12:12.0,69,,,,,,,,
6/21/1998,22:12:12.0,68.4,,,,,,,,
6/22/1998,00:12:12.0,67.7,,,,,,,,
6/22/1998,02:12:12.0,66.3,,,,,,,,
6/22/1998,04:12:12.0,65.6,,,,,,,,
6/22/1998,06:12:12.0,64.9,,,,,,,,
6/22/1998,08:12:12.0,64.9,,,,,,,,
6/22/1998,10:12:12.0,65.6,,,,,,,,
6/22/1998,12:12:12.0,65.6,,,,,,,,
6/22/1998,14:12:12.0,66.3,,,,,,,,
6/22/1998,16:12:12.0,67,,,,,,,,
6/22/1998,18:12:12.0,67,,,,,,,,
6/22/1998,20:12:12.0,66.3,,,,,,,,
6/22/1998,22:12:12.0,65.6,,,,,,,,
6/23/1998,00:12:12.0,64.2,,,,,,,,
6/23/1998,02:12:12.0,63.5,,,,,,,,
6/23/1998,04:12:12.0,63.5,,,,,,,,
6/23/1998,06:12:12.0,62.8,,,,,,,,
6/23/1998,08:12:12.0,63.5,,,,,,,,
6/23/1998,10:12:12.0,64.2,,,,,,,,
6/23/1998,12:12:12.0,64.9,,,,,,,,
6/23/1998,14:12:12.0,67.7,,,,,,,,
6/23/1998,16:12:12.0,68.4,,,,,,,,
6/23/1998,18:12:12.0,69,,,,,,,,
6/23/1998,20:12:12.0,68.4,,,,,,,,
6/23/1998,22:12:12.0,67.7,,,,,,,,
6/24/1998,00:12:12.0,66.3,,,,,,,,
6/24/1998,02:12:12.0,64.9,,,,,,,,
6/24/1998,04:12:12.0,64.2,,,,,,,,
6/24/1998,06:12:12.0,63.5,,,,,,,,
6/24/1998,08:12:12.0,63.5,,,,,,,,
6/24/1998,10:12:12.0,62.8,,,,,,,,
6/24/1998,12:12:12.0,63.5,,,,,,,,
6/24/1998,14:12:12.0,65.6,,,,,,,,
6/24/1998,16:12:12.0,66.3,,,,,,,,
6/24/1998,18:12:12.0,66.3,,,,,,,,
6/24/1998,20:12:12.0,65.6,,,,,,,,
6/24/1998,22:12:12.0,64.9,,,,,,,,
6/25/1998,00:12:12.0,64.9,,,,,,,,
6/25/1998,02:12:12.0,64.2,,,,,,,,
6/25/1998,04:12:12.0,63.5,,,,,,,,
6/25/1998,06:12:12.0,62.8,,,,,,,,
6/25/1998,08:12:12.0,62.8,,,,,,,,
6/25/1998,10:12:12.0,62.8,,,,,,,,
6/25/1998,12:12:12.0,63.5,,,,,,,,
6/25/1998,14:12:12.0,64.2,,,,,,,,
6/25/1998,16:12:12.0,64.2,,,,,,,,
6/25/1998,18:12:12.0,64.9,,,,,,,,
6/25/1998,20:12:12.0,65.6,,,,,,,,
6/25/1998,22:12:12.0,64.2,,,,,,,,
6/26/1998,00:12:12.0,64.2,,,,,,,,
6/26/1998,02:12:12.0,63.5,,,,,,,,
6/26/1998,04:12:12.0,63.5,,,,,,,,
6/26/1998,06:12:12.0,62.8,,,,,,,,
6/26/1998,08:12:12.0,62.8,,,,,,,,
6/26/1998,10:12:12.0,64.2,,,,,,,,
6/26/1998,12:12:12.0,68.4,,,,,,,,
6/26/1998,14:12:12.0,73.2,,,,,,,,
6/26/1998,16:12:12.0,75.3,,,,,,,,
6/26/1998,18:12:12.0,75.3,,,,,,,,
6/26/1998,20:12:12.0,73.2,,,,,,,,
6/26/1998,22:12:12.0,71.1,,,,,,,,
6/27/1998,00:12:12.0,69.7,,,,,,,,
6/27/1998,02:12:12.0,68.4,,,,,,,,
6/27/1998,04:12:12.0,67.7,,,,,,,,
6/27/1998,06:12:12.0,67,,,,,,,,
6/27/1998,08:12:12.0,66.3,,,,,,,,
6/27/1998,10:12:12.0,67,,,,,,,,
6/27/1998,12:12:12.0,69,,,,,,,,
6/27/1998,14:12:12.0,73.2,,,,,,,,
6/27/1998,16:12:12.0,76,,,,,,,,
6/27/1998,18:12:12.0,76,,,,,,,,
6/27/1998,20:12:12.0,74.6,,,,,,,,
6/27/1998,22:12:12.0,73.2,,,,,,,,
6/28/1998,00:12:12.0,71.8,,,,,,,,
6/28/1998,02:12:12.0,71.1,,,,,,,,
6/28/1998,04:12:12.0,69.7,,,,,,,,
6/28/1998,06:12:12.0,69.7,,,,,,,,
6/28/1998,08:12:12.0,69,,,,,,,,
6/28/1998,10:12:12.0,69,,,,,,,,
6/28/1998,12:12:12.0,70.4,,,,,,,,
6/28/1998,14:12:12.0,70.4,,,,,,,,
6/28/1998,16:12:12.0,71.8,,,,,,,,
6/28/1998,18:12:12.0,72.5,,,,,,,,
6/28/1998,20:12:12.0,71.8,,,,,,,,
6/28/1998,22:12:12.0,71.1,,,,,,,,
6/29/1998,00:12:12.0,69.7,,,,,,,,
6/29/1998,02:12:12.0,68.4,,,,,,,,
6/29/1998,04:12:12.0,67.7,,,,,,,,
6/29/1998,06:12:12.0,66.3,,,,,,,,
6/29/1998,08:12:12.0,66.3,,,,,,,,
6/29/1998,10:12:12.0,66.3,,,,,,,,
6/29/1998,12:12:12.0,68.4,,,,,,,,
6/29/1998,14:12:12.0,69,,,,,,,,
6/29/1998,16:12:12.0,70.4,,,,,,,,
6/29/1998,18:12:12.0,70.4,,,,,,,,
6/29/1998,20:12:12.0,69.7,,,,,,,,
6/29/1998,22:12:12.0,69,,,,,,,,
6/30/1998,00:12:12.0,67.7,,,,,,,,
6/30/1998,02:12:12.0,67,,,,,,,,
6/30/1998,04:12:12.0,66.3,,,,,,,,
6/30/1998,06:12:12.0,65.6,,,,,,,,
6/30/1998,08:12:12.0,65.6,,,,,,,,
6/30/1998,10:12:12.0,66.3,,,,,,,,
6/30/1998,12:12:12.0,67.7,,,,,,,,
6/30/1998,14:12:12.0,71.1,,,,,,,,
6/30/1998,16:12:12.0,73.2,,,,,,,,
6/30/1998,18:12:12.0,74.6,,,,,,,,
6/30/1998,20:12:12.0,73.2,,,,,,,,
6/30/1998,22:12:12.0,71.1,,,,,,,,
7/1/1998,00:12:12.0,69.7,,,,,,,,
7/1/1998,02:12:12.0,68.4,,,,,,,,
7/1/1998,04:12:12.0,66.3,,,,,,,,
7/1/1998,06:12:12.0,65.6,,,,,,,,
7/1/1998,08:12:12.0,64.9,,,,,,,,
7/1/1998,10:12:12.0,65.6,,,,,,,,
7/1/1998,12:12:12.0,69,,,,,,,,
7/1/1998,14:12:12.0,71.8,,,,,,,,
7/1/1998,16:12:12.0,73.9,,,,,,,,
7/1/1998,18:12:12.0,73.2,,,,,,,,
7/1/1998,20:12:12.0,72.5,,,,,,,,
7/1/1998,22:12:12.0,70.4,,,,,,,,
7/2/1998,00:12:12.0,69,,,,,,,,
7/2/1998,02:12:12.0,67.7,,,,,,,,
7/2/1998,04:12:12.0,66.3,,,,,,,,
7/2/1998,06:12:12.0,64.9,,,,,,,,
7/2/1998,08:12:12.0,64.9,,,,,,,,
7/2/1998,10:12:12.0,66.3,,,,,,,,
7/2/1998,12:12:12.0,69,,,,,,,,
7/2/1998,14:12:12.0,72.5,,,,,,,,
7/2/1998,16:12:12.0,73.9,,,,,,,,
7/2/1998,18:12:12.0,73.2,,,,,,,,
7/2/1998,20:12:12.0,72.5,,,,,,,,
7/2/1998,22:12:12.0,71.1,,,,,,,,
7/3/1998,00:12:12.0,70.4,,,,,,,,
7/3/1998,02:12:12.0,69,,,,,,,,
7/3/1998,04:12:12.0,68.4,,,,,,,,
7/3/1998,06:12:12.0,68.4,,,,,,,,
7/3/1998,08:12:12.0,67.7,,,,,,,,
7/3/1998,10:12:12.0,67,,,,,,,,
7/3/1998,12:12:12.0,67,,,,,,,,
7/3/1998,14:12:12.0,67,,,,,,,,
7/3/1998,16:12:12.0,69,,,,,,,,
7/3/1998,18:12:12.0,69.7,,,,,,,,
7/3/1998,20:12:12.0,69.7,,,,,,,,
7/3/1998,22:12:12.0,67.7,,,,,,,,
7/4/1998,00:12:12.0,66.3,,,,,,,,
7/4/1998,02:12:12.0,64.9,,,,,,,,
7/4/1998,04:12:12.0,63.5,,,,,,,,
7/4/1998,06:12:12.0,62.2,,,,,,,,
7/4/1998,08:12:12.0,62.2,,,,,,,,
7/4/1998,10:12:12.0,63.5,,,,,,,,
7/4/1998,12:12:12.0,66.3,,,,,,,,
7/4/1998,14:12:12.0,69,,,,,,,,
7/4/1998,16:12:12.0,69.7,,,,,,,,
7/4/1998,18:12:12.0,69.7,,,,,,,,
7/4/1998,20:12:12.0,69,,,,,,,,
7/4/1998,22:12:12.0,67,,,,,,,,
7/5/1998,00:12:12.0,65.6,,,,,,,,
7/5/1998,02:12:12.0,64.2,,,,,,,,
7/5/1998,04:12:12.0,63.5,,,,,,,,
7/5/1998,06:12:12.0,62.8,,,,,,,,
7/5/1998,08:12:12.0,62.8,,,,,,,,
7/5/1998,10:12:12.0,63.5,,,,,,,,
7/5/1998,12:12:12.0,66.3,,,,,,,,
7/5/1998,14:12:12.0,68.4,,,,,,,,
7/5/1998,16:12:12.0,68.4,,,,,,,,
7/5/1998,18:12:12.0,67.7,,,,,,,,
7/5/1998,20:12:12.0,66.3,,,,,,,,
7/5/1998,22:12:12.0,65.6,,,,,,,,
7/6/1998,00:12:12.0,65.6,,,,,,,,
7/6/1998,02:12:12.0,64.9,,,,,,,,
7/6/1998,04:12:12.0,64.2,,,,,,,,
7/6/1998,06:12:12.0,63.5,,,,,,,,
7/6/1998,08:12:12.0,63.5,,,,,,,,
7/6/1998,10:12:12.0,64.9,,,,,,,,
7/6/1998,12:12:12.0,67,,,,,,,,
7/6/1998,14:12:12.0,69.7,,,,,,,,
7/6/1998,16:12:12.0,71.8,,,,,,,,
7/6/1998,18:12:12.0,71.8,,,,,,,,
7/6/1998,20:12:12.0,71.1,,,,,,,,
7/6/1998,22:12:12.0,69,,,,,,,,
7/7/1998,00:12:12.0,67.7,,,,,,,,
7/7/1998,02:12:12.0,66.3,,,,,,,,
7/7/1998,04:12:12.0,64.9,,,,,,,,
7/7/1998,06:12:12.0,63.5,,,,,,,,
7/7/1998,08:12:12.0,62.8,,,,,,,,
7/7/1998,10:12:12.0,64.2,,,,,,,,
7/7/1998,12:12:12.0,67,,,,,,,,
7/7/1998,14:12:12.0,67.7,,,,,,,,
7/7/1998,16:12:12.0,68.4,,,,,,,,
7/7/1998,18:12:12.0,67.7,,,,,,,,
7/7/1998,20:12:12.0,67.7,,,,,,,,
7/7/1998,22:12:12.0,67,,,,,,,,
7/8/1998,00:12:12.0,65.6,,,,,,,,
7/8/1998,02:12:12.0,64.2,,,,,,,,
7/8/1998,04:12:12.0,63.5,,,,,,,,
7/8/1998,06:12:12.0,62.8,,,,,,,,
7/8/1998,08:12:12.0,62.2,,,,,,,,
7/8/1998,10:12:12.0,63.5,,,,,,,,
7/8/1998,12:12:12.0,66.3,,,,,,,,
7/8/1998,14:12:12.0,69,,,,,,,,
7/8/1998,16:12:12.0,69.7,,,,,,,,
7/8/1998,18:12:12.0,69.7,,,,,,,,
7/8/1998,20:12:12.0,69,,,,,,,,
7/8/1998,22:12:12.0,68.4,,,,,,,,
7/9/1998,00:12:12.0,67.7,,,,,,,,
7/9/1998,02:12:12.0,67,,,,,,,,
7/9/1998,04:12:12.0,66.3,,,,,,,,
7/9/1998,06:12:12.0,65.6,,,,,,,,
7/9/1998,08:12:12.0,65.6,,,,,,,,
7/9/1998,10:12:12.0,66.3,,,,,,,,
7/9/1998,12:12:12.0,68.4,,,,,,,,
7/9/1998,14:12:12.0,68.4,,,,,,,,
7/9/1998,16:12:12.0,69,,,,,,,,
7/9/1998,18:12:12.0,69,,,,,,,,
7/9/1998,20:12:12.0,68.4,,,,,,,,
7/9/1998,22:12:12.0,67.7,,,,,,,,
7/10/1998,00:12:12.0,67,,,,,,,,
7/10/1998,02:12:12.0,65.6,,,,,,,,
7/10/1998,04:12:12.0,64.2,,,,,,,,
7/10/1998,06:12:12.0,62.8,,,,,,,,
7/10/1998,08:12:12.0,62.2,,,,,,,,
7/10/1998,10:12:12.0,63.5,,,,,,,,
7/10/1998,12:12:12.0,66.3,,,,,,,,
7/10/1998,14:12:12.0,69,,,,,,,,
7/10/1998,16:12:12.0,69.7,,,,,,,,
7/10/1998,18:12:12.0,68.4,,,,,,,,
7/10/1998,20:12:12.0,68.4,,,,,,,,
7/10/1998,22:12:12.0,67,,,,,,,,
7/11/1998,00:12:12.0,65.6,,,,,,,,
7/11/1998,02:12:12.0,64.2,,,,,,,,
7/11/1998,04:12:12.0,63.5,,,,,,,,
7/11/1998,06:12:12.0,62.8,,,,,,,,
7/11/1998,08:12:12.0,62.8,,,,,,,,
7/11/1998,10:12:12.0,63.5,,,,,,,,
7/11/1998,12:12:12.0,63.5,,,,,,,,
7/11/1998,14:12:12.0,67,,,,,,,,
7/11/1998,16:12:12.0,68.4,,,,,,,,
7/11/1998,18:12:12.0,68.4,,,,,,,,
7/11/1998,20:12:12.0,69,,,,,,,,
7/11/1998,22:12:12.0,69,,,,,,,,
7/12/1998,00:12:12.0,68.4,,,,,,,,
7/12/1998,02:12:12.0,68.4,,,,,,,,
7/12/1998,04:12:12.0,67.7,,,,,,,,
7/12/1998,06:12:12.0,67,,,,,,,,
7/12/1998,08:12:12.0,67,,,,,,,,
7/12/1998,10:12:12.0,68.4,,,,,,,,
7/12/1998,12:12:12.0,71.1,,,,,,,,
7/12/1998,14:12:12.0,73.9,,,,,,,,
7/12/1998,16:12:12.0,74.6,,,,,,,,
7/12/1998,18:12:12.0,74.6,,,,,,,,
7/12/1998,20:12:12.0,73.9,,,,,,,,
7/12/1998,22:12:12.0,73.2,,,,,,,,
7/13/1998,00:12:12.0,72.5,,,,,,,,
7/13/1998,02:12:12.0,71.8,,,,,,,,
7/13/1998,04:12:12.0,71.1,,,,,,,,
7/13/1998,06:12:12.0,70.4,,,,,,,,
7/13/1998,08:12:12.0,70.4,,,,,,,,
7/13/1998,10:12:12.0,70.4,,,,,,,,
7/13/1998,12:12:12.0,73.2,,,,,,,,
7/13/1998,14:12:12.0,76,,,,,,,,
7/13/1998,16:12:12.0,77.4,,,,,,,,
7/13/1998,18:12:12.0,76.7,,,,,,,,
7/13/1998,20:12:12.0,76,,,,,,,,
7/13/1998,22:12:12.0,74.6,,,,,,,,
7/14/1998,00:12:12.0,72.5,,,,,,,,
7/14/1998,02:12:12.0,70.4,,,,,,,,
7/14/1998,04:12:12.0,69,,,,,,,,
7/14/1998,06:12:12.0,67.7,,,,,,,,
7/14/1998,08:12:12.0,67.7,,,,,,,,
7/14/1998,10:12:12.0,69,,,,,,,,
7/14/1998,12:12:12.0,71.1,,,,,,,,
7/14/1998,14:12:12.0,72.5,,,,,,,,
7/14/1998,16:12:12.0,72.5,,,,,,,,
7/14/1998,18:12:12.0,71.1,,,,,,,,
7/14/1998,20:12:12.0,71.1,,,,,,,,
7/14/1998,22:12:12.0,70.4,,,,,,,,
7/15/1998,00:12:12.0,69.7,,,,,,,,
7/15/1998,02:12:12.0,69,,,,,,,,
7/15/1998,04:12:12.0,68.4,,,,,,,,
7/15/1998,06:12:12.0,67.7,,,,,,,,
7/15/1998,08:12:12.0,67.7,,,,,,,,
7/15/1998,10:12:12.0,68.4,,,,,,,,
7/15/1998,12:12:12.0,71.1,,,,,,,,
7/15/1998,14:12:12.0,71.8,,,,,,,,
7/15/1998,16:12:12.0,72.5,,,,,,,,
7/15/1998,18:12:12.0,71.8,,,,,,,,
7/15/1998,20:12:12.0,71.1,,,,,,,,
7/15/1998,22:12:12.0,70.4,,,,,,,,
7/16/1998,00:12:12.0,69,,,,,,,,
7/16/1998,02:12:12.0,68.4,,,,,,,,
7/16/1998,04:12:12.0,67,,,,,,,,
7/16/1998,06:12:12.0,66.3,,,,,,,,
7/16/1998,08:12:12.0,65.6,,,,,,,,
7/16/1998,10:12:12.0,65.6,,,,,,,,
7/16/1998,12:12:12.0,67.7,,,,,,,,
7/16/1998,14:12:12.0,69,,,,,,,,
7/16/1998,16:12:12.0,69.7,,,,,,,,
7/16/1998,18:12:12.0,69.7,,,,,,,,
7/16/1998,20:12:12.0,69,,,,,,,,
7/16/1998,22:12:12.0,67.7,,,,,,,,
7/17/1998,00:12:12.0,66.3,,,,,,,,
7/17/1998,02:12:12.0,64.9,,,,,,,,
7/17/1998,04:12:12.0,63.5,,,,,,,,
7/17/1998,06:12:12.0,62.2,,,,,,,,
7/17/1998,08:12:12.0,62.2,,,,,,,,
7/17/1998,10:12:12.0,63.5,,,,,,,,
7/17/1998,12:12:12.0,66.3,,,,,,,,
7/17/1998,14:12:12.0,68.4,,,,,,,,
7/17/1998,16:12:12.0,69.7,,,,,,,,
7/17/1998,18:12:12.0,69.7,,,,,,,,
7/17/1998,20:12:12.0,69,,,,,,,,
7/17/1998,22:12:12.0,67.7,,,,,,,,
7/18/1998,00:12:12.0,65.6,,,,,,,,
7/18/1998,02:12:12.0,64.9,,,,,,,,
7/18/1998,04:12:12.0,63.5,,,,,,,,
7/18/1998,06:12:12.0,62.2,,,,,,,,
7/18/1998,08:12:12.0,61.5,,,,,,,,
7/18/1998,10:12:12.0,62.8,,,,,,,,
7/18/1998,12:12:12.0,65.6,,,,,,,,
7/18/1998,14:12:12.0,68.4,,,,,,,,
7/18/1998,16:12:12.0,69,,,,,,,,
7/18/1998,18:12:12.0,69,,,,,,,,
7/18/1998,20:12:12.0,68.4,,,,,,,,
7/18/1998,22:12:12.0,68.4,,,,,,,,
7/19/1998,00:12:12.0,67.7,,,,,,,,
7/19/1998,02:12:12.0,67,,,,,,,,
7/19/1998,04:12:12.0,67,,,,,,,,
7/19/1998,06:12:12.0,66.3,,,,,,,,
7/19/1998,08:12:12.0,66.3,,,,,,,,
7/19/1998,10:12:12.0,66.3,,,,,,,,
7/19/1998,12:12:12.0,69,,,,,,,,
7/19/1998,14:12:12.0,70.4,,,,,,,,
7/19/1998,16:12:12.0,71.8,,,,,,,,
7/19/1998,18:12:12.0,71.8,,,,,,,,
7/19/1998,20:12:12.0,71.1,,,,,,,,
7/19/1998,22:12:12.0,69.7,,,,,,,,
7/20/1998,00:12:12.0,68.4,,,,,,,,
7/20/1998,02:12:12.0,67,,,,,,,,
7/20/1998,04:12:12.0,65.6,,,,,,,,
7/20/1998,06:12:12.0,64.2,,,,,,,,
7/20/1998,08:12:12.0,64.2,,,,,,,,
7/20/1998,10:12:12.0,65.6,,,,,,,,
7/20/1998,12:12:12.0,68.4,,,,,,,,
7/20/1998,14:12:12.0,71.1,,,,,,,,
7/20/1998,16:12:12.0,71.8,,,,,,,,
7/20/1998,18:12:12.0,71.1,,,,,,,,
7/20/1998,20:12:12.0,69.7,,,,,,,,
7/20/1998,22:12:12.0,69,,,,,,,,
7/21/1998,00:12:12.0,68.4,,,,,,,,
7/21/1998,02:12:12.0,68.4,,,,,,,,
7/21/1998,04:12:12.0,67,,,,,,,,
7/21/1998,06:12:12.0,67,,,,,,,,
7/21/1998,08:12:12.0,66.3,,,,,,,,
7/21/1998,10:12:12.0,67,,,,,,,,
7/21/1998,12:12:12.0,67,,,,,,,,
7/21/1998,14:12:12.0,67.7,,,,,,,,
7/21/1998,16:12:12.0,68.4,,,,,,,,
7/21/1998,18:12:12.0,68.4,,,,,,,,
7/21/1998,20:12:12.0,67.7,,,,,,,,
7/21/1998,22:12:12.0,66.3,,,,,,,,
7/22/1998,00:12:12.0,64.9,,,,,,,,
7/22/1998,02:12:12.0,63.5,,,,,,,,
7/22/1998,04:12:12.0,62.2,,,,,,,,
7/22/1998,06:12:12.0,60.8,,,,,,,,
7/22/1998,08:12:12.0,60.8,,,,,,,,
7/22/1998,10:12:12.0,61.5,,,,,,,,
7/22/1998,12:12:12.0,63.5,,,,,,,,
7/22/1998,14:12:12.0,65.6,,,,,,,,
7/22/1998,16:12:12.0,66.3,,,,,,,,
7/22/1998,18:12:12.0,66.3,,,,,,,,
7/22/1998,20:12:12.0,64.9,,,,,,,,
7/22/1998,22:12:12.0,64.2,,,,,,,,
7/23/1998,00:12:12.0,62.8,,,,,,,,
7/23/1998,02:12:12.0,62.2,,,,,,,,
7/23/1998,04:12:12.0,60.8,,,,,,,,
7/23/1998,06:12:12.0,60.1,,,,,,,,
7/23/1998,08:12:12.0,59.4,,,,,,,,
7/23/1998,10:12:12.0,59.4,,,,,,,,
7/23/1998,12:12:12.0,60.8,,,,,,,,
7/23/1998,14:12:12.0,62.2,,,,,,,,
7/23/1998,16:12:12.0,63.5,,,,,,,,
7/23/1998,18:12:12.0,63.5,,,,,,,,
7/23/1998,20:12:12.0,63.5,,,,,,,,
7/23/1998,22:12:12.0,62.8,,,,,,,,
7/24/1998,00:12:12.0,62.2,,,,,,,,
7/24/1998,02:12:12.0,60.8,,,,,,,,
7/24/1998,04:12:12.0,59.4,,,,,,,,
7/24/1998,06:12:12.0,59.4,,,,,,,,
7/24/1998,08:12:12.0,59.4,,,,,,,,
7/24/1998,10:12:12.0,60.8,,,,,,,,
7/24/1998,12:12:12.0,61.5,,,,,,,,
7/24/1998,14:12:12.0,62.8,,,,,,,,
7/24/1998,16:12:12.0,62.8,,,,,,,,
7/24/1998,18:12:12.0,63.5,,,,,,,,
7/24/1998,20:12:12.0,62.8,,,,,,,,
7/24/1998,22:12:12.0,61.5,,,,,,,,
7/25/1998,00:12:12.0,60.1,,,,,,,,
7/25/1998,02:12:12.0,59.4,,,,,,,,
7/25/1998,04:12:12.0,58.7,,,,,,,,
7/25/1998,06:12:12.0,57.4,,,,,,,,
7/25/1998,08:12:12.0,57.4,,,,,,,,
7/25/1998,10:12:12.0,59.4,,,,,,,,
7/25/1998,12:12:12.0,61.5,,,,,,,,
7/25/1998,14:12:12.0,62.8,,,,,,,,
7/25/1998,16:12:12.0,64.9,,,,,,,,
7/25/1998,18:12:12.0,64.9,,,,,,,,
7/25/1998,20:12:12.0,63.5,,,,,,,,
7/25/1998,22:12:12.0,62.2,,,,,,,,
7/26/1998,00:12:12.0,60.8,,,,,,,,
7/26/1998,02:12:12.0,60.1,,,,,,,,
7/26/1998,04:12:12.0,59.4,,,,,,,,
7/26/1998,06:12:12.0,58.7,,,,,,,,
7/26/1998,08:12:12.0,58,,,,,,,,
7/26/1998,10:12:12.0,60.1,,,,,,,,
7/26/1998,12:12:12.0,60.8,,,,,,,,
7/26/1998,14:12:12.0,61.5,,,,,,,,
7/26/1998,16:12:12.0,62.2,,,,,,,,
7/26/1998,18:12:12.0,62.2,,,,,,,,
7/26/1998,20:12:12.0,62.2,,,,,,,,
7/26/1998,22:12:12.0,61.5,,,,,,,,
7/27/1998,00:12:12.0,61.5,,,,,,,,
7/27/1998,02:12:12.0,60.8,,,,,,,,
7/27/1998,04:12:12.0,59.4,,,,,,,,
7/27/1998,06:12:12.0,58.7,,,,,,,,
7/27/1998,08:12:12.0,58,,,,,,,,
7/27/1998,10:12:12.0,58.7,,,,,,,,
7/27/1998,12:12:12.0,61.5,,,,,,,,
7/27/1998,14:12:12.0,63.5,,,,,,,,
7/27/1998,16:12:12.0,64.2,,,,,,,,
7/27/1998,18:12:12.0,64.2,,,,,,,,
7/27/1998,20:12:12.0,63.5,,,,,,,,
7/27/1998,22:12:12.0,62.2,,,,,,,,
7/28/1998,00:12:12.0,61.5,,,,,,,,
7/28/1998,02:12:12.0,60.1,,,,,,,,
7/28/1998,04:12:12.0,60.8,,,,,,,,
7/28/1998,06:12:12.0,60.8,,,,,,,,
7/28/1998,08:12:12.0,60.8,,,,,,,,
7/28/1998,10:12:12.0,61.5,,,,,,,,
7/28/1998,12:12:12.0,63.5,,,,,,,,
7/28/1998,14:12:12.0,65.6,,,,,,,,
7/28/1998,16:12:12.0,65.6,,,,,,,,
7/28/1998,18:12:12.0,64.9,,,,,,,,
7/28/1998,20:12:12.0,64.2,,,,,,,,
7/28/1998,22:12:12.0,62.8,,,,,,,,
7/29/1998,00:12:12.0,61.5,,,,,,,,
7/29/1998,02:12:12.0,60.1,,,,,,,,
7/29/1998,04:12:12.0,59.4,,,,,,,,
7/29/1998,06:12:12.0,59.4,,,,,,,,
7/29/1998,08:12:12.0,59.4,,,,,,,,
7/29/1998,10:12:12.0,60.1,,,,,,,,
7/29/1998,12:12:12.0,62.8,,,,,,,,
7/29/1998,14:12:12.0,64.2,,,,,,,,
7/29/1998,16:12:12.0,64.2,,,,,,,,
7/29/1998,18:12:12.0,64.2,,,,,,,,
7/29/1998,20:12:12.0,64.2,,,,,,,,
7/29/1998,22:12:12.0,63.5,,,,,,,,
7/30/1998,00:12:12.0,62.2,,,,,,,,
7/30/1998,02:12:12.0,60.8,,,,,,,,
7/30/1998,04:12:12.0,59.4,,,,,,,,
7/30/1998,06:12:12.0,58.7,,,,,,,,
7/30/1998,08:12:12.0,58.7,,,,,,,,
7/30/1998,10:12:12.0,60.1,,,,,,,,
7/30/1998,12:12:12.0,61.5,,,,,,,,
7/30/1998,14:12:12.0,62.2,,,,,,,,
7/30/1998,16:12:12.0,63.5,,,,,,,,
7/30/1998,18:12:12.0,64.2,,,,,,,,
7/30/1998,20:12:12.0,64.2,,,,,,,,
7/30/1998,22:12:12.0,62.8,,,,,,,,
7/31/1998,00:12:12.0,62.2,,,,,,,,
7/31/1998,02:12:12.0,60.8,,,,,,,,
7/31/1998,04:12:12.0,59.4,,,,,,,,
7/31/1998,06:12:12.0,58.7,,,,,,,,
7/31/1998,08:12:12.0,58,,,,,,,,
7/31/1998,10:12:12.0,59.4,,,,,,,,
7/31/1998,12:12:12.0,62.2,,,,,,,,
7/31/1998,14:12:12.0,63.5,,,,,,,,
7/31/1998,16:12:12.0,65.6,,,,,,,,
7/31/1998,18:12:12.0,66.3,,,,,,,,
7/31/1998,20:12:12.0,65.6,,,,,,,,
7/31/1998,22:12:12.0,64.2,,,,,,,,
8/1/1998,00:12:12.0,62.8,,,,,,,,
8/1/1998,02:12:12.0,61.5,,,,,,,,
8/1/1998,04:12:12.0,60.8,,,,,,,,
8/1/1998,06:12:12.0,60.1,,,,,,,,
8/1/1998,08:12:12.0,60.1,,,,,,,,
8/1/1998,10:12:12.0,61.5,,,,,,,,
8/1/1998,12:12:12.0,64.2,,,,,,,,
8/1/1998,14:12:12.0,66.3,,,,,,,,
8/1/1998,16:12:12.0,68.4,,,,,,,,
8/1/1998,18:12:12.0,68.4,,,,,,,,
8/1/1998,20:12:12.0,67.7,,,,,,,,
8/1/1998,22:12:12.0,66.3,,,,,,,,
8/2/1998,00:12:12.0,65.6,,,,,,,,
8/2/1998,02:12:12.0,64.9,,,,,,,,
8/2/1998,04:12:12.0,64.2,,,,,,,,
8/2/1998,06:12:12.0,64.2,,,,,,,,
8/2/1998,08:12:12.0,64.2,,,,,,,,
8/2/1998,10:12:12.0,64.2,,,,,,,,
8/2/1998,12:12:12.0,64.9,,,,,,,,
8/2/1998,14:12:12.0,66.3,,,,,,,,
8/2/1998,16:12:12.0,67,,,,,,,,
8/2/1998,18:12:12.0,67,,,,,,,,
8/2/1998,20:12:12.0,67,,,,,,,,
8/2/1998,22:12:12.0,67,,,,,,,,
8/3/1998,00:12:12.0,66.3,,,,,,,,
8/3/1998,02:12:12.0,65.6,,,,,,,,
8/3/1998,04:12:12.0,64.9,,,,,,,,
8/3/1998,06:12:12.0,64.2,,,,,,,,
8/3/1998,08:12:12.0,64.2,,,,,,,,
8/3/1998,10:12:12.0,64.9,,,,,,,,
8/3/1998,12:12:12.0,65.6,,,,,,,,
8/3/1998,14:12:12.0,66.3,,,,,,,,
8/3/1998,16:12:12.0,67,,,,,,,,
8/3/1998,18:12:12.0,67,,,,,,,,
8/3/1998,20:12:12.0,67,,,,,,,,
8/3/1998,22:12:12.0,65.6,,,,,,,,
8/4/1998,00:12:12.0,64.9,,,,,,,,
8/4/1998,02:12:12.0,64.2,,,,,,,,
8/4/1998,04:12:12.0,62.8,,,,,,,,
8/4/1998,06:12:12.0,62.2,,,,,,,,
8/4/1998,08:12:12.0,62.2,,,,,,,,
8/4/1998,10:12:12.0,63.5,,,,,,,,
8/4/1998,12:12:12.0,65.6,,,,,,,,
8/4/1998,14:12:12.0,68.4,,,,,,,,
8/4/1998,16:12:12.0,69,,,,,,,,
8/4/1998,18:12:12.0,69,,,,,,,,
8/4/1998,20:12:12.0,68.4,,,,,,,,
8/4/1998,22:12:12.0,67.7,,,,,,,,
8/5/1998,00:12:12.0,66.3,,,,,,,,
8/5/1998,02:12:12.0,64.9,,,,,,,,
8/5/1998,04:12:12.0,63.5,,,,,,,,
8/5/1998,06:12:12.0,62.8,,,,,,,,
8/5/1998,08:12:12.0,62.2,,,,,,,,
8/5/1998,10:12:12.0,63.5,,,,,,,,
8/5/1998,12:12:12.0,66.3,,,,,,,,
8/5/1998,14:12:12.0,68.4,,,,,,,,
8/5/1998,16:12:12.0,69.7,,,,,,,,
8/5/1998,18:12:12.0,69.7,,,,,,,,
8/5/1998,20:12:12.0,69.7,,,,,,,,
8/5/1998,22:12:12.0,68.4,,,,,,,,
8/6/1998,00:12:12.0,67,,,,,,,,
8/6/1998,02:12:12.0,65.6,,,,,,,,
8/6/1998,04:12:12.0,64.2,,,,,,,,
8/6/1998,06:12:12.0,63.5,,,,,,,,
8/6/1998,08:12:12.0,62.8,,,,,,,,
8/6/1998,10:12:12.0,63.5,,,,,,,,
8/6/1998,12:12:12.0,66.3,,,,,,,,
8/6/1998,14:12:12.0,68.4,,,,,,,,
8/6/1998,16:12:12.0,69,,,,,,,,
8/6/1998,18:12:12.0,69,,,,,,,,
8/6/1998,20:12:12.0,68.4,,,,,,,,
8/6/1998,22:12:12.0,66.3,,,,,,,,
8/7/1998,00:12:12.0,65.6,,,,,,,,
8/7/1998,02:12:12.0,64.9,,,,,,,,
8/7/1998,04:12:12.0,64.2,,,,,,,,
8/7/1998,06:12:12.0,63.5,,,,,,,,
8/7/1998,08:12:12.0,63.5,,,,,,,,
8/7/1998,10:12:12.0,64.2,,,,,,,,
8/7/1998,12:12:12.0,65.6,,,,,,,,
8/7/1998,14:12:12.0,66.3,,,,,,,,
8/7/1998,16:12:12.0,67,,,,,,,,
8/7/1998,18:12:12.0,67,,,,,,,,
8/7/1998,20:12:12.0,66.3,,,,,,,,
8/7/1998,22:12:12.0,66.3,,,,,,,,
8/8/1998,00:12:12.0,66.3,,,,,,,,
8/8/1998,02:12:12.0,66.3,,,,,,,,
8/8/1998,04:12:12.0,66.3,,,,,,,,
8/8/1998,06:12:12.0,65.6,,,,,,,,
8/8/1998,08:12:12.0,65.6,,,,,,,,
8/8/1998,10:12:12.0,67,,,,,,,,
8/8/1998,12:12:12.0,67.7,,,,,,,,
8/8/1998,14:12:12.0,69.7,,,,,,,,
8/8/1998,16:12:12.0,71.1,,,,,,,,
8/8/1998,18:12:12.0,71.1,,,,,,,,
8/8/1998,20:12:12.0,70.4,,,,,,,,
8/8/1998,22:12:12.0,69.7,,,,,,,,
8/9/1998,00:12:12.0,69,,,,,,,,
8/9/1998,02:12:12.0,68.4,,,,,,,,
8/9/1998,04:12:12.0,67,,,,,,,,
8/9/1998,06:12:12.0,66.3,,,,,,,,
8/9/1998,08:12:12.0,65.6,,,,,,,,
8/9/1998,10:12:12.0,67,,,,,,,,
8/9/1998,12:12:12.0,69.7,,,,,,,,
8/9/1998,14:12:12.0,71.8,,,,,,,,
8/9/1998,16:12:12.0,73.2,,,,,,,,
8/9/1998,18:12:12.0,72.5,,,,,,,,
8/9/1998,20:12:12.0,71.8,,,,,,,,
8/9/1998,22:12:12.0,69.7,,,,,,,,
8/10/1998,00:12:12.0,68.4,,,,,,,,
8/10/1998,02:12:12.0,67,,,,,,,,
8/10/1998,04:12:12.0,65.6,,,,,,,,
8/10/1998,06:12:12.0,64.9,,,,,,,,
8/10/1998,08:12:12.0,64.9,,,,,,,,
8/10/1998,10:12:12.0,65.6,,,,,,,,
8/10/1998,12:12:12.0,67.7,,,,,,,,
8/10/1998,14:12:12.0,69,,,,,,,,
8/10/1998,16:12:12.0,69,,,,,,,,
8/10/1998,18:12:12.0,69.7,,,,,,,,
8/10/1998,20:12:12.0,69,,,,,,,,
8/10/1998,22:12:12.0,67.7,,,,,,,,
8/11/1998,00:12:12.0,67,,,,,,,,
8/11/1998,02:12:12.0,66.3,,,,,,,,
8/11/1998,04:12:12.0,64.9,,,,,,,,
8/11/1998,06:12:12.0,63.5,,,,,,,,
8/11/1998,08:12:12.0,62.8,,,,,,,,
8/11/1998,10:12:12.0,63.5,,,,,,,,
8/11/1998,12:12:12.0,64.9,,,,,,,,
8/11/1998,14:12:12.0,65.6,,,,,,,,
8/11/1998,16:12:12.0,66.3,,,,,,,,
8/11/1998,18:12:12.0,66.3,,,,,,,,
8/11/1998,20:12:12.0,65.6,,,,,,,,
8/11/1998,22:12:12.0,64.2,,,,,,,,
8/12/1998,00:12:12.0,62.8,,,,,,,,
8/12/1998,02:12:12.0,62.2,,,,,,,,
8/12/1998,04:12:12.0,60.8,,,,,,,,
8/12/1998,06:12:12.0,60.1,,,,,,,,
8/12/1998,08:12:12.0,60.8,,,,,,,,
8/12/1998,10:12:12.0,62.2,,,,,,,,
8/12/1998,12:12:12.0,64.2,,,,,,,,
8/12/1998,14:12:12.0,66.3,,,,,,,,
8/12/1998,16:12:12.0,67.7,,,,,,,,
8/12/1998,18:12:12.0,67.7,,,,,,,,
8/12/1998,20:12:12.0,67.7,,,,,,,,
8/12/1998,22:12:12.0,67,,,,,,,,
8/13/1998,00:12:12.0,65.6,,,,,,,,
8/13/1998,02:12:12.0,64.9,,,,,,,,
8/13/1998,04:12:12.0,64.2,,,,,,,,
8/13/1998,06:12:12.0,63.5,,,,,,,,
8/13/1998,08:12:12.0,64.2,,,,,,,,
8/13/1998,10:12:12.0,64.9,,,,,,,,
8/13/1998,12:12:12.0,66.3,,,,,,,,
8/13/1998,14:12:12.0,68.4,,,,,,,,
8/13/1998,16:12:12.0,69.7,,,,,,,,
8/13/1998,18:12:12.0,69.7,,,,,,,,
8/13/1998,20:12:12.0,69,,,,,,,,
8/13/1998,22:12:12.0,68.4,,,,,,,,
8/14/1998,00:12:12.0,67,,,,,,,,
8/14/1998,02:12:12.0,66.3,,,,,,,,
8/14/1998,04:12:12.0,66.3,,,,,,,,
8/14/1998,06:12:12.0,65.6,,,,,,,,
8/14/1998,08:12:12.0,64.9,,,,,,,,
8/14/1998,10:12:12.0,65.6,,,,,,,,
8/14/1998,12:12:12.0,67.7,,,,,,,,
8/14/1998,14:12:12.0,68.4,,,,,,,,
8/14/1998,16:12:12.0,68.4,,,,,,,,
8/14/1998,18:12:12.0,67.7,,,,,,,,
8/14/1998,20:12:12.0,66.3,,,,,,,,
8/14/1998,22:12:12.0,64.9,,,,,,,,
8/15/1998,00:12:12.0,62.8,,,,,,,,
8/15/1998,02:12:12.0,61.5,,,,,,,,
8/15/1998,04:12:12.0,60.1,,,,,,,,
8/15/1998,06:12:12.0,58.7,,,,,,,,
8/15/1998,08:12:12.0,58.7,,,,,,,,
8/15/1998,10:12:12.0,60.1,,,,,,,,
8/15/1998,12:12:12.0,62.2,,,,,,,,
8/15/1998,14:12:12.0,63.5,,,,,,,,
8/15/1998,16:12:12.0,64.9,,,,,,,,
8/15/1998,18:12:12.0,64.9,,,,,,,,
8/15/1998,20:12:12.0,64.2,,,,,,,,
8/15/1998,22:12:12.0,62.8,,,,,,,,
8/16/1998,00:12:12.0,60.8,,,,,,,,
8/16/1998,02:12:12.0,60.1,,,,,,,,
8/16/1998,04:12:12.0,58.7,,,,,,,,
8/16/1998,06:12:12.0,58,,,,,,,,
8/16/1998,08:12:12.0,58,,,,,,,,
8/16/1998,10:12:12.0,59.4,,,,,,,,
8/16/1998,12:12:12.0,61.5,,,,,,,,
8/16/1998,14:12:12.0,62.2,,,,,,,,
8/16/1998,16:12:12.0,62.8,,,,,,,,
8/16/1998,18:12:12.0,63.5,,,,,,,,
8/16/1998,20:12:12.0,63.5,,,,,,,,
8/16/1998,22:12:12.0,62.8,,,,,,,,
8/17/1998,00:12:12.0,62.8,,,,,,,,
8/17/1998,02:12:12.0,62.8,,,,,,,,
8/17/1998,04:12:12.0,62.8,,,,,,,,
8/17/1998,06:12:12.0,62.2,,,,,,,,
8/17/1998,08:12:12.0,60.8,,,,,,,,
8/17/1998,10:12:12.0,60.8,,,,,,,,
8/17/1998,12:12:12.0,62.2,,,,,,,,
8/17/1998,14:12:12.0,63.5,,,,,,,,
8/17/1998,16:12:12.0,64.2,,,,,,,,
8/17/1998,18:12:12.0,63.5,,,,,,,,
8/17/1998,20:12:12.0,62.8,,,,,,,,
8/17/1998,22:12:12.0,60.8,,,,,,,,
8/18/1998,00:12:12.0,59.4,,,,,,,,
8/18/1998,02:12:12.0,57.4,,,,,,,,
8/18/1998,04:12:12.0,56,,,,,,,,
8/18/1998,06:12:12.0,54.6,,,,,,,,
8/18/1998,08:12:12.0,53.9,,,,,,,,
8/18/1998,10:12:12.0,55.3,,,,,,,,
8/18/1998,12:12:12.0,58,,,,,,,,
8/18/1998,14:12:12.0,60.1,,,,,,,,
8/18/1998,16:12:12.0,60.8,,,,,,,,
8/18/1998,18:12:12.0,60.8,,,,,,,,
8/18/1998,20:12:12.0,60.8,,,,,,,,
8/18/1998,22:12:12.0,59.4,,,,,,,,
8/19/1998,00:12:12.0,58.7,,,,,,,,
8/19/1998,02:12:12.0,58.7,,,,,,,,
8/19/1998,04:12:12.0,58.7,,,,,,,,
8/19/1998,06:12:12.0,58.7,,,,,,,,
8/19/1998,08:12:12.0,58.7,,,,,,,,
8/19/1998,10:12:12.0,59.4,,,,,,,,
8/19/1998,12:12:12.0,60.8,,,,,,,,
8/19/1998,14:12:12.0,60.8,,,,,,,,
8/19/1998,16:12:12.0,61.5,,,,,,,,
8/19/1998,18:12:12.0,61.5,,,,,,,,
8/19/1998,20:12:12.0,61.5,,,,,,,,
8/19/1998,22:12:12.0,61.5,,,,,,,,
8/20/1998,00:12:12.0,61.5,,,,,,,,
8/20/1998,02:12:12.0,61.5,,,,,,,,
8/20/1998,04:12:12.0,61.5,,,,,,,,
8/20/1998,06:12:12.0,61.5,,,,,,,,
8/20/1998,08:12:12.0,61.5,,,,,,,,
8/20/1998,10:12:12.0,62.2,,,,,,,,
8/20/1998,12:12:12.0,63.5,,,,,,,,
8/20/1998,14:12:12.0,65.6,,,,,,,,
8/20/1998,16:12:12.0,66.3,,,,,,,,
8/20/1998,18:12:12.0,66.3,,,,,,,,
8/20/1998,20:12:12.0,65.6,,,,,,,,
8/20/1998,22:12:12.0,64.9,,,,,,,,
8/21/1998,00:12:12.0,64.2,,,,,,,,
8/21/1998,02:12:12.0,63.5,,,,,,,,
8/21/1998,04:12:12.0,63.5,,,,,,,,
8/21/1998,06:12:12.0,62.8,,,,,,,,
8/21/1998,08:12:12.0,61.5,,,,,,,,
8/21/1998,10:12:12.0,62.2,,,,,,,,
8/21/1998,12:12:12.0,64.2,,,,,,,,
8/21/1998,14:12:12.0,65.6,,,,,,,,
8/21/1998,16:12:12.0,66.3,,,,,,,,
8/21/1998,18:12:12.0,65.6,,,,,,,,
8/21/1998,20:12:12.0,64.9,,,,,,,,
8/21/1998,22:12:12.0,62.8,,,,,,,,
8/22/1998,00:12:12.0,61.5,,,,,,,,
8/22/1998,02:12:12.0,60.1,,,,,,,,
8/22/1998,04:12:12.0,58.7,,,,,,,,
8/22/1998,06:12:12.0,57.4,,,,,,,,
8/22/1998,08:12:12.0,56.7,,,,,,,,
8/22/1998,10:12:12.0,58,,,,,,,,
8/22/1998,12:12:12.0,59.4,,,,,,,,
8/22/1998,14:12:12.0,60.1,,,,,,,,
8/22/1998,16:12:12.0,60.8,,,,,,,,
8/22/1998,18:12:12.0,60.8,,,,,,,,
8/22/1998,20:12:12.0,60.8,,,,,,,,
8/22/1998,22:12:12.0,60.8,,,,,,,,
8/23/1998,00:12:12.0,60.8,,,,,,,,
8/23/1998,02:12:12.0,60.8,,,,,,,,
8/23/1998,04:12:12.0,60.8,,,,,,,,
8/23/1998,06:12:12.0,60.8,,,,,,,,
8/23/1998,08:12:12.0,60.8,,,,,,,,
8/23/1998,10:12:12.0,61.5,,,,,,,,
8/23/1998,12:12:12.0,61.5,,,,,,,,
8/23/1998,14:12:12.0,62.8,,,,,,,,
8/23/1998,16:12:12.0,64.2,,,,,,,,
8/23/1998,18:12:12.0,64.2,,,,,,,,
8/23/1998,20:12:12.0,64.2,,,,,,,,
8/23/1998,22:12:12.0,63.5,,,,,,,,
8/24/1998,00:12:12.0,62.2,,,,,,,,
8/24/1998,02:12:12.0,61.5,,,,,,,,
8/24/1998,04:12:12.0,60.8,,,,,,,,
8/24/1998,06:12:12.0,60.8,,,,,,,,
8/24/1998,08:12:12.0,60.8,,,,,,,,
8/24/1998,10:12:12.0,61.5,,,,,,,,
8/24/1998,12:12:12.0,62.2,,,,,,,,
8/24/1998,14:12:12.0,63.5,,,,,,,,
8/24/1998,16:12:12.0,64.2,,,,,,,,
8/24/1998,18:12:12.0,64.2,,,,,,,,
8/24/1998,20:12:12.0,63.5,,,,,,,,
8/24/1998,22:12:12.0,63.5,,,,,,,,
8/25/1998,00:12:12.0,62.8,,,,,,,,
8/25/1998,02:12:12.0,62.2,,,,,,,,
8/25/1998,04:12:12.0,61.5,,,,,,,,
8/25/1998,06:12:12.0,60.8,,,,,,,,
8/25/1998,08:12:12.0,60.1,,,,,,,,
8/25/1998,10:12:12.0,60.8,,,,,,,,
8/25/1998,12:12:12.0,62.2,,,,,,,,
8/25/1998,14:12:12.0,64.2,,,,,,,,
8/25/1998,16:12:12.0,64.9,,,,,,,,
8/25/1998,18:12:12.0,64.9,,,,,,,,
8/25/1998,20:12:12.0,64.2,,,,,,,,
8/25/1998,22:12:12.0,62.8,,,,,,,,
8/26/1998,00:12:12.0,62.2,,,,,,,,
8/26/1998,02:12:12.0,60.8,,,,,,,,
8/26/1998,04:12:12.0,59.4,,,,,,,,
8/26/1998,06:12:12.0,59.4,,,,,,,,
8/26/1998,08:12:12.0,58.7,,,,,,,,
8/26/1998,10:12:12.0,59.4,,,,,,,,
8/26/1998,12:12:12.0,62.2,,,,,,,,
8/26/1998,14:12:12.0,64.2,,,,,,,,
8/26/1998,16:12:12.0,65.6,,,,,,,,
8/26/1998,18:12:12.0,65.6,,,,,,,,
8/26/1998,20:12:12.0,64.9,,,,,,,,
8/26/1998,22:12:12.0,63.5,,,,,,,,
8/27/1998,00:12:12.0,62.8,,,,,,,,
8/27/1998,02:12:12.0,62.2,,,,,,,,
8/27/1998,04:12:12.0,61.5,,,,,,,,
8/27/1998,06:12:12.0,60.8,,,,,,,,
8/27/1998,08:12:12.0,60.1,,,,,,,,
8/27/1998,10:12:12.0,61.5,,,,,,,,
8/27/1998,12:12:12.0,62.8,,,,,,,,
8/27/1998,14:12:12.0,64.2,,,,,,,,
8/27/1998,16:12:12.0,65.6,,,,,,,,
8/27/1998,18:12:12.0,64.9,,,,,,,,
8/27/1998,20:12:12.0,64.9,,,,,,,,
8/27/1998,22:12:12.0,64.2,,,,,,,,
8/28/1998,00:12:12.0,64.2,,,,,,,,
8/28/1998,02:12:12.0,63.5,,,,,,,,
8/28/1998,04:12:12.0,62.2,,,,,,,,
8/28/1998,06:12:12.0,61.5,,,,,,,,
8/28/1998,08:12:12.0,61.5,,,,,,,,
8/28/1998,10:12:12.0,62.2,,,,,,,,
8/28/1998,12:12:12.0,64.2,,,,,,,,
8/28/1998,14:12:12.0,65.6,,,,,,,,
8/28/1998,16:12:12.0,66.3,,,,,,,,
8/28/1998,18:12:12.0,66.3,,,,,,,,
8/28/1998,20:12:12.0,65.6,,,,,,,,
8/28/1998,22:12:12.0,64.2,,,,,,,,
8/29/1998,00:12:12.0,63.5,,,,,,,,
8/29/1998,02:12:12.0,62.8,,,,,,,,
8/29/1998,04:12:12.0,62.2,,,,,,,,
8/29/1998,06:12:12.0,60.8,,,,,,,,
8/29/1998,08:12:12.0,60.1,,,,,,,,
8/29/1998,10:12:12.0,60.8,,,,,,,,
8/29/1998,12:12:12.0,62.2,,,,,,,,
8/29/1998,14:12:12.0,63.5,,,,,,,,
8/29/1998,16:12:12.0,64.2,,,,,,,,
8/29/1998,18:12:12.0,63.5,,,,,,,,
8/29/1998,20:12:12.0,62.8,,,,,,,,
8/29/1998,22:12:12.0,61.5,,,,,,,,
8/30/1998,00:12:12.0,60.1,,,,,,,,
8/30/1998,02:12:12.0,58.7,,,,,,,,
8/30/1998,04:12:12.0,57.4,,,,,,,,
8/30/1998,06:12:12.0,56.7,,,,,,,,
8/30/1998,08:12:12.0,56,,,,,,,,
8/30/1998,10:12:12.0,56.7,,,,,,,,
8/30/1998,12:12:12.0,58.7,,,,,,,,
8/30/1998,14:12:12.0,61.5,,,,,,,,
8/30/1998,16:12:12.0,62.2,,,,,,,,
8/30/1998,18:12:12.0,62.2,,,,,,,,
8/30/1998,20:12:12.0,61.5,,,,,,,,
8/30/1998,22:12:12.0,60.1,,,,,,,,
8/31/1998,00:12:12.0,58.7,,,,,,,,
8/31/1998,02:12:12.0,57.4,,,,,,,,
8/31/1998,04:12:12.0,56,,,,,,,,
8/31/1998,06:12:12.0,54.6,,,,,,,,
8/31/1998,08:12:12.0,53.9,,,,,,,,
8/31/1998,10:12:12.0,54.6,,,,,,,,
8/31/1998,12:12:12.0,57.4,,,,,,,,
8/31/1998,14:12:12.0,59.4,,,,,,,,
8/31/1998,16:12:12.0,60.8,,,,,,,,
8/31/1998,18:12:12.0,60.8,,,,,,,,
8/31/1998,20:12:12.0,60.1,,,,,,,,
8/31/1998,22:12:12.0,59.4,,,,,,,,
9/1/1998,00:12:12.0,58.7,,,,,,,,
9/1/1998,02:12:12.0,58,,,,,,,,
9/1/1998,04:12:12.0,57.4,,,,,,,,
9/1/1998,06:12:12.0,58,,,,,,,,
9/1/1998,08:12:12.0,58,,,,,,,,
9/1/1998,10:12:12.0,58.7,,,,,,,,
9/1/1998,12:12:12.0,60.1,,,,,,,,
9/1/1998,14:12:12.0,61.5,,,,,,,,
9/1/1998,16:12:12.0,61.5,,,,,,,,
9/1/1998,18:12:12.0,61.5,,,,,,,,
9/1/1998,20:12:12.0,60.1,,,,,,,,
9/1/1998,22:12:12.0,58.7,,,,,,,,
9/2/1998,00:12:12.0,57.4,,,,,,,,
9/2/1998,02:12:12.0,57.4,,,,,,,,
9/2/1998,04:12:12.0,56.7,,,,,,,,
9/2/1998,06:12:12.0,56,,,,,,,,
9/2/1998,08:12:12.0,56,,,,,,,,
9/2/1998,10:12:12.0,56.7,,,,,,,,
9/2/1998,12:12:12.0,58,,,,,,,,
9/2/1998,14:12:12.0,58.7,,,,,,,,
9/2/1998,16:12:12.0,59.4,,,,,,,,
9/2/1998,18:12:12.0,59.4,,,,,,,,
9/2/1998,20:12:12.0,58.7,,,,,,,,
9/2/1998,22:12:12.0,58,,,,,,,,
9/3/1998,00:12:12.0,57.4,,,,,,,,
9/3/1998,02:12:12.0,56.7,,,,,,,,
9/3/1998,04:12:12.0,56,,,,,,,,
9/3/1998,06:12:12.0,55.3,,,,,,,,
9/3/1998,08:12:12.0,54.6,,,,,,,,
9/3/1998,10:12:12.0,55.3,,,,,,,,
9/3/1998,12:12:12.0,57.4,,,,,,,,
9/3/1998,14:12:12.0,58,,,,,,,,
9/3/1998,16:12:12.0,58.7,,,,,,,,
9/3/1998,18:12:12.0,58.7,,,,,,,,
9/3/1998,20:12:12.0,58,,,,,,,,
9/3/1998,22:12:12.0,56.7,,,,,,,,
9/4/1998,00:12:12.0,55.3,,,,,,,,
9/4/1998,02:12:12.0,53.9,,,,,,,,
9/4/1998,04:12:12.0,53.2,,,,,,,,
9/4/1998,06:12:12.0,52.5,,,,,,,,
9/4/1998,08:12:12.0,52.5,,,,,,,,
9/4/1998,10:12:12.0,53.9,,,,,,,,
9/4/1998,12:12:12.0,56.7,,,,,,,,
9/4/1998,14:12:12.0,59.4,,,,,,,,
9/4/1998,16:12:12.0,60.8,,,,,,,,
9/4/1998,18:12:12.0,60.8,,,,,,,,
9/4/1998,20:12:12.0,60.1,,,,,,,,
9/4/1998,22:12:12.0,58.7,,,,,,,,
9/5/1998,00:12:12.0,58,,,,,,,,
9/5/1998,02:12:12.0,56.7,,,,,,,,
9/5/1998,04:12:12.0,56,,,,,,,,
9/5/1998,06:12:12.0,55.3,,,,,,,,
9/5/1998,08:12:12.0,54.6,,,,,,,,
9/5/1998,10:12:12.0,56,,,,,,,,
9/5/1998,12:12:12.0,58.7,,,,,,,,
9/5/1998,14:12:12.0,61.5,,,,,,,,
9/5/1998,16:12:12.0,62.8,,,,,,,,
9/5/1998,18:12:12.0,62.8,,,,,,,,
9/5/1998,20:12:12.0,62.2,,,,,,,,
9/5/1998,22:12:12.0,61.5,,,,,,,,
9/6/1998,00:12:12.0,60.1,,,,,,,,
9/6/1998,02:12:12.0,59.4,,,,,,,,
9/6/1998,04:12:12.0,58,,,,,,,,
9/6/1998,06:12:12.0,57.4,,,,,,,,
9/6/1998,08:12:12.0,56.7,,,,,,,,
9/6/1998,10:12:12.0,56.7,,,,,,,,
9/6/1998,12:12:12.0,58,,,,,,,,
9/6/1998,14:12:12.0,59.4,,,,,,,,
9/6/1998,16:12:12.0,60.1,,,,,,,,
9/6/1998,18:12:12.0,60.1,,,,,,,,
9/6/1998,20:12:12.0,59.4,,,,,,,,
9/6/1998,22:12:12.0,58,,,,,,,,
9/7/1998,00:12:12.0,56.7,,,,,,,,
9/7/1998,02:12:12.0,55.3,,,,,,,,
9/7/1998,04:12:12.0,53.9,,,,,,,,
9/7/1998,06:12:12.0,52.5,,,,,,,,
9/7/1998,08:12:12.0,51.8,,,,,,,,
9/7/1998,10:12:12.0,52.5,,,,,,,,
9/7/1998,12:12:12.0,53.9,,,,,,,,
9/7/1998,14:12:12.0,55.3,,,,,,,,
9/7/1998,16:12:12.0,56,,,,,,,,
9/7/1998,18:12:12.0,56,,,,,,,,
9/7/1998,20:12:12.0,56,,,,,,,,
9/7/1998,22:12:12.0,54.6,,,,,,,,
9/8/1998,00:12:12.0,53.9,,,,,,,,
9/8/1998,02:12:12.0,53.2,,,,,,,,
9/8/1998,04:12:12.0,53.2,,,,,,,,
9/8/1998,06:12:12.0,52.5,,,,,,,,
9/8/1998,08:12:12.0,51.8,,,,,,,,
9/8/1998,10:12:12.0,52.5,,,,,,,,
9/8/1998,12:12:12.0,53.9,,,,,,,,
9/8/1998,14:12:12.0,55.3,,,,,,,,
9/8/1998,16:12:12.0,56,,,,,,,,
9/8/1998,18:12:12.0,56,,,,,,,,
9/8/1998,20:12:12.0,55.3,,,,,,,,
9/8/1998,22:12:12.0,54.6,,,,,,,,
9/9/1998,00:12:12.0,53.2,,,,,,,,
9/9/1998,02:12:12.0,51.8,,,,,,,,
9/9/1998,04:12:12.0,50.4,,,,,,,,
9/9/1998,06:12:12.0,49.7,,,,,,,,
9/9/1998,08:12:12.0,48.3,,,,,,,,
9/9/1998,10:12:12.0,49,,,,,,,,
9/9/1998,12:12:12.0,51.8,,,,,,,,
9/9/1998,14:12:12.0,53.9,,,,,,,,
9/9/1998,16:12:12.0,55.3,,,,,,,,
9/9/1998,18:12:12.0,55.3,,,,,,,,
9/9/1998,20:12:12.0,54.6,,,,,,,,
9/9/1998,22:12:12.0,53.9,,,,,,,,
9/10/1998,00:12:12.0,53.2,,,,,,,,
9/10/1998,02:12:12.0,51.8,,,,,,,,
9/10/1998,04:12:12.0,51.8,,,,,,,,
9/10/1998,06:12:12.0,51.8,,,,,,,,
9/10/1998,08:12:12.0,51.8,,,,,,,,
9/10/1998,10:12:12.0,52.5,,,,,,,,
9/10/1998,12:12:12.0,54.6,,,,,,,,
9/10/1998,14:12:12.0,57.4,,,,,,,,
9/10/1998,16:12:12.0,58,,,,,,,,
9/10/1998,18:12:12.0,58,,,,,,,,
9/10/1998,20:12:12.0,58,,,,,,,,
9/10/1998,22:12:12.0,58,,,,,,,,
9/11/1998,00:12:12.0,58,,,,,,,,
9/11/1998,02:12:12.0,58,,,,,,,,
9/11/1998,04:12:12.0,58,,,,,,,,
9/11/1998,06:12:12.0,58,,,,,,,,
9/11/1998,08:12:12.0,58,,,,,,,,
9/11/1998,10:12:12.0,58.7,,,,,,,,
9/11/1998,12:12:12.0,60.8,,,,,,,,
9/11/1998,14:12:12.0,62.8,,,,,,,,
9/11/1998,16:12:12.0,62.8,,,,,,,,
9/11/1998,18:12:12.0,63.5,,,,,,,,
9/11/1998,20:12:12.0,62.8,,,,,,,,
9/11/1998,22:12:12.0,62.2,,,,,,,,
9/12/1998,00:12:12.0,61.5,,,,,,,,
9/12/1998,02:12:12.0,60.1,,,,,,,,
9/12/1998,04:12:12.0,58.7,,,,,,,,
9/12/1998,06:12:12.0,57.4,,,,,,,,
9/12/1998,08:12:12.0,56,,,,,,,,
9/12/1998,10:12:12.0,56,,,,,,,,
9/12/1998,12:12:12.0,58,,,,,,,,
9/12/1998,14:12:12.0,60.1,,,,,,,,
9/12/1998,16:12:12.0,60.1,,,,,,,,
9/12/1998,18:12:12.0,60.1,,,,,,,,
9/12/1998,20:12:12.0,60.1,,,,,,,,
9/12/1998,22:12:12.0,59.4,,,,,,,,
9/13/1998,00:12:12.0,58.7,,,,,,,,
9/13/1998,02:12:12.0,58.7,,,,,,,,
9/13/1998,04:12:12.0,58,,,,,,,,
9/13/1998,06:12:12.0,57.4,,,,,,,,
9/13/1998,08:12:12.0,57.4,,,,,,,,
9/13/1998,10:12:12.0,57.4,,,,,,,,
9/13/1998,12:12:12.0,58.7,,,,,,,,
9/13/1998,14:12:12.0,60.8,,,,,,,,
9/13/1998,16:12:12.0,61.5,,,,,,,,
9/13/1998,18:12:12.0,61.5,,,,,,,,
9/13/1998,20:12:12.0,61.5,,,,,,,,
9/13/1998,22:12:12.0,60.8,,,,,,,,
9/14/1998,00:12:12.0,60.1,,,,,,,,
9/14/1998,02:12:12.0,60.1,,,,,,,,
9/14/1998,04:12:12.0,60.1,,,,,,,,
9/14/1998,06:12:12.0,60.1,,,,,,,,
9/14/1998,08:12:12.0,60.1,,,,,,,,
9/14/1998,10:12:12.0,60.1,,,,,,,,
9/14/1998,12:12:12.0,60.1,,,,,,,,
9/14/1998,14:12:12.0,60.8,,,,,,,,
9/14/1998,16:12:12.0,62.2,,,,,,,,
9/14/1998,18:12:12.0,62.2,,,,,,,,
9/14/1998,20:12:12.0,61.5,,,,,,,,
9/14/1998,22:12:12.0,60.8,,,,,,,,
9/15/1998,00:12:12.0,59.4,,,,,,,,
9/15/1998,02:12:12.0,58.7,,,,,,,,
9/15/1998,04:12:12.0,58,,,,,,,,
9/15/1998,06:12:12.0,57.4,,,,,,,,
9/15/1998,08:12:12.0,56,,,,,,,,
9/15/1998,10:12:12.0,56,,,,,,,,
9/15/1998,12:12:12.0,57.4,,,,,,,,
9/15/1998,14:12:12.0,59.4,,,,,,,,
9/15/1998,16:12:12.0,59.4,,,,,,,,
9/15/1998,18:12:12.0,58.7,,,,,,,,
9/15/1998,20:12:12.0,58,,,,,,,,
9/15/1998,22:12:12.0,56.7,,,,,,,,
9/16/1998,00:12:12.0,56,,,,,,,,
9/16/1998,02:12:12.0,54.6,,,,,,,,
9/16/1998,04:12:12.0,53.2,,,,,,,,
9/16/1998,06:12:12.0,52.5,,,,,,,,
9/16/1998,08:12:12.0,51.8,,,,,,,,
9/16/1998,10:12:12.0,52.5,,,,,,,,
9/16/1998,12:12:12.0,55.3,,,,,,,,
9/16/1998,14:12:12.0,57.4,,,,,,,,
9/16/1998,16:12:12.0,58.7,,,,,,,,
9/16/1998,18:12:12.0,58.7,,,,,,,,
9/16/1998,20:12:12.0,58.7,,,,,,,,
9/16/1998,22:12:12.0,58,,,,,,,,
9/17/1998,00:12:12.0,56.7,,,,,,,,
9/17/1998,02:12:12.0,56,,,,,,,,
9/17/1998,04:12:12.0,55.3,,,,,,,,
9/17/1998,06:12:12.0,54.6,,,,,,,,
9/17/1998,08:12:12.0,55.3,,,,,,,,
9/17/1998,10:12:12.0,56,,,,,,,,
9/17/1998,12:12:12.0,57.4,,,,,,,,
9/17/1998,14:12:12.0,58,,,,,,,,
9/17/1998,16:12:12.0,58.7,,,,,,,,
9/17/1998,18:12:12.0,58.7,,,,,,,,
9/17/1998,20:12:12.0,58.7,,,,,,,,
9/17/1998,22:12:12.0,57.4,,,,,,,,
9/18/1998,00:12:12.0,56.7,,,,,,,,
9/18/1998,02:12:12.0,56.7,,,,,,,,
9/18/1998,04:12:12.0,56.7,,,,,,,,
9/18/1998,06:12:12.0,57.4,,,,,,,,
9/18/1998,08:12:12.0,57.4,,,,,,,,
9/18/1998,10:12:12.0,58,,,,,,,,
9/18/1998,12:12:12.0,60.1,,,,,,,,
9/18/1998,14:12:12.0,61.5,,,,,,,,
9/18/1998,16:12:12.0,62.2,,,,,,,,
9/18/1998,18:12:12.0,61.5,,,,,,,,
9/18/1998,20:12:12.0,59.4,,,,,,,,
9/18/1998,22:12:12.0,58.7,,,,,,,,
9/19/1998,00:12:12.0,58.7,,,,,,,,
9/19/1998,02:12:12.0,58,,,,,,,,
9/19/1998,04:12:12.0,57.4,,,,,,,,
9/19/1998,06:12:12.0,56,,,,,,,,
9/19/1998,08:12:12.0,55.3,,,,,,,,
9/19/1998,10:12:12.0,55.3,,,,,,,,
9/19/1998,12:12:12.0,56.7,,,,,,,,
9/19/1998,14:12:12.0,57.4,,,,,,,,
9/19/1998,16:12:12.0,57.4,,,,,,,,
9/19/1998,18:12:12.0,58,,,,,,,,
9/19/1998,20:12:12.0,58,,,,,,,,
9/19/1998,22:12:12.0,58,,,,,,,,
9/20/1998,00:12:12.0,58,,,,,,,,
9/20/1998,02:12:12.0,58.7,,,,,,,,
9/20/1998,04:12:12.0,58.7,,,,,,,,
9/20/1998,06:12:12.0,58.7,,,,,,,,
9/20/1998,08:12:12.0,58,,,,,,,,
9/20/1998,10:12:12.0,58,,,,,,,,
9/20/1998,12:12:12.0,60.1,,,,,,,,
9/20/1998,14:12:12.0,60.8,,,,,,,,
9/20/1998,16:12:12.0,60.8,,,,,,,,
9/20/1998,18:12:12.0,60.1,,,,,,,,
9/20/1998,20:12:12.0,58.7,,,,,,,,
9/20/1998,22:12:12.0,58,,,,,,,,
9/21/1998,00:12:12.0,57.4,,,,,,,,
9/21/1998,02:12:12.0,56.7,,,,,,,,
9/21/1998,04:12:12.0,56,,,,,,,,
9/21/1998,06:12:12.0,55.3,,,,,,,,
9/21/1998,08:12:12.0,54.6,,,,,,,,
9/21/1998,10:12:12.0,54.6,,,,,,,,
9/21/1998,12:12:12.0,54.6,,,,,,,,
9/21/1998,14:12:12.0,55.3,,,,,,,,
9/21/1998,16:12:12.0,56,,,,,,,,
9/21/1998,18:12:12.0,56,,,,,,,,
9/21/1998,20:12:12.0,54.6,,,,,,,,
9/21/1998,22:12:12.0,53.9,,,,,,,,
9/22/1998,00:12:12.0,53.2,,,,,,,,
9/22/1998,02:12:12.0,52.5,,,,,,,,
9/22/1998,04:12:12.0,51.8,,,,,,,,
9/22/1998,06:12:12.0,51.1,,,,,,,,
9/22/1998,08:12:12.0,50.4,,,,,,,,
9/22/1998,10:12:12.0,51.1,,,,,,,,
9/22/1998,12:12:12.0,51.8,,,,,,,,
9/22/1998,14:12:12.0,53.2,,,,,,,,
9/22/1998,16:12:12.0,53.2,,,,,,,,
9/22/1998,18:12:12.0,53.2,,,,,,,,
9/22/1998,20:12:12.0,53.2,,,,,,,,
9/22/1998,22:12:12.0,51.8,,,,,,,,
9/23/1998,00:12:12.0,50.4,,,,,,,,
9/23/1998,02:12:12.0,49.7,,,,,,,,
9/23/1998,04:12:12.0,49.7,,,,,,,,
9/23/1998,06:12:12.0,50.4,,,,,,,,
9/23/1998,08:12:12.0,50.4,,,,,,,,
9/23/1998,10:12:12.0,51.1,,,,,,,,
9/23/1998,12:12:12.0,52.5,,,,,,,,
9/23/1998,14:12:12.0,54.6,,,,,,,,
9/23/1998,16:12:12.0,54.6,,,,,,,,
9/23/1998,18:12:12.0,54.6,,,,,,,,
9/23/1998,20:12:12.0,53.9,,,,,,,,
9/23/1998,22:12:12.0,53.9,,,,,,,,
9/24/1998,00:12:12.0,53.2,,,,,,,,
9/24/1998,02:12:12.0,53.2,,,,,,,,
9/24/1998,04:12:12.0,52.5,,,,,,,,
9/24/1998,06:12:12.0,51.8,,,,,,,,
9/24/1998,08:12:12.0,52.5,,,,,,,,
9/24/1998,10:12:12.0,52.5,,,,,,,,
9/24/1998,12:12:12.0,53.2,,,,,,,,
9/24/1998,14:12:12.0,53.2,,,,,,,,
9/24/1998,16:12:12.0,53.9,,,,,,,,
9/24/1998,18:12:12.0,53.9,,,,,,,,
9/24/1998,20:12:12.0,53.9,,,,,,,,
9/24/1998,22:12:12.0,53.2,,,,,,,,
9/25/1998,00:12:12.0,53.2,,,,,,,,
9/25/1998,02:12:12.0,53.2,,,,,,,,
9/25/1998,04:12:12.0,53.2,,,,,,,,
9/25/1998,06:12:12.0,53.2,,,,,,,,
9/25/1998,08:12:12.0,53.2,,,,,,,,
9/25/1998,10:12:12.0,53.9,,,,,,,,
9/25/1998,12:12:12.0,55.3,,,,,,,,
9/25/1998,14:12:12.0,56.7,,,,,,,,
9/25/1998,16:12:12.0,57.4,,,,,,,,
9/25/1998,18:12:12.0,57.4,,,,,,,,
9/25/1998,20:12:12.0,56.7,,,,,,,,
9/25/1998,22:12:12.0,56,,,,,,,,
9/26/1998,00:12:12.0,55.3,,,,,,,,
9/26/1998,02:12:12.0,55.3,,,,,,,,
9/26/1998,04:12:12.0,54.6,,,,,,,,
9/26/1998,06:12:12.0,54.6,,,,,,,,
9/26/1998,08:12:12.0,54.6,,,,,,,,
9/26/1998,10:12:12.0,54.6,,,,,,,,
9/26/1998,12:12:12.0,55.3,,,,,,,,
9/26/1998,14:12:12.0,55.3,,,,,,,,
9/26/1998,16:12:12.0,55.3,,,,,,,,
9/26/1998,18:12:12.0,54.6,,,,,,,,
9/26/1998,20:12:12.0,54.6,,,,,,,,
9/26/1998,22:12:12.0,54.6,,,,,,,,
9/27/1998,00:12:12.0,54.6,,,,,,,,
9/27/1998,02:12:12.0,54.6,,,,,,,,
9/27/1998,04:12:12.0,54.6,,,,,,,,
9/27/1998,06:12:12.0,53.9,,,,,,,,
9/27/1998,08:12:12.0,53.9,,,,,,,,
9/27/1998,10:12:12.0,53.9,,,,,,,,
9/27/1998,12:12:12.0,53.9,,,,,,,,
9/27/1998,14:12:12.0,54.6,,,,,,,,
9/27/1998,16:12:12.0,54.6,,,,,,,,
9/27/1998,18:12:12.0,54.6,,,,,,,,
9/27/1998,20:12:12.0,53.9,,,,,,,,
9/27/1998,22:12:12.0,53.2,,,,,,,,
9/28/1998,00:12:12.0,52.5,,,,,,,,
9/28/1998,02:12:12.0,51.8,,,,,,,,
9/28/1998,04:12:12.0,51.1,,,,,,,,
9/28/1998,06:12:12.0,51.1,,,,,,,,
9/28/1998,08:12:12.0,50.4,,,,,,,,
9/28/1998,10:12:12.0,51.1,,,,,,,,
9/28/1998,12:12:12.0,53.2,,,,,,,,
9/28/1998,14:12:12.0,54.6,,,,,,,,
9/28/1998,16:12:12.0,55.3,,,,,,,,
9/28/1998,18:12:12.0,55.3,,,,,,,,
9/28/1998,20:12:12.0,55.3,,,,,,,,
9/28/1998,22:12:12.0,55.3,,,,,,,,
9/29/1998,00:12:12.0,55.3,,,,,,,,
9/29/1998,02:12:12.0,54.6,,,,,,,,
9/29/1998,04:12:12.0,54.6,,,,,,,,
9/29/1998,06:12:12.0,53.9,,,,,,,,
9/29/1998,08:12:12.0,53.2,,,,,,,,
9/29/1998,10:12:12.0,53.9,,,,,,,,
9/29/1998,12:12:12.0,54.6,,,,,,,,
9/29/1998,14:12:12.0,55.3,,,,,,,,
9/29/1998,16:12:12.0,54.6,,,,,,,,
9/29/1998,18:12:12.0,54.6,,,,,,,,
9/29/1998,20:12:12.0,53.9,,,,,,,,
9/29/1998,22:12:12.0,53.2,,,,,,,,
9/30/1998,00:12:12.0,52.5,,,,,,,,
9/30/1998,02:12:12.0,51.8,,,,,,,,
9/30/1998,04:12:12.0,51.8,,,,,,,,
9/30/1998,06:12:12.0,51.8,,,,,,,,
9/30/1998,08:12:12.0,51.8,,,,,,,,
9/30/1998,10:12:12.0,52.5,,,,,,,,
9/30/1998,12:12:12.0,53.2,,,,,,,,
9/30/1998,14:12:12.0,53.9,,,,,,,,
9/30/1998,16:12:12.0,53.2,,,,,,,,
9/30/1998,18:12:12.0,52.5,,,,,,,,
9/30/1998,20:12:12.0,51.1,,,,,,,,
9/30/1998,22:12:12.0,50.4,,,,,,,,
10/1/1998,00:12:12.0,49.7,,,,,,,,
10/1/1998,02:12:12.0,49,,,,,,,,
10/1/1998,04:12:12.0,48.3,,,,,,,,
10/1/1998,06:12:12.0,47.6,,,,,,,,
10/1/1998,08:12:12.0,47.6,,,,,,,,
10/1/1998,10:12:12.0,47.6,,,,,,,,
10/1/1998,12:12:12.0,49,,,,,,,,
10/1/1998,14:12:12.0,49.7,,,,,,,,
10/1/1998,16:12:12.0,49.7,,,,,,,,
10/1/1998,18:12:12.0,49,,,,,,,,
10/1/1998,20:12:12.0,49,,,,,,,,
10/1/1998,22:12:12.0,47.6,,,,,,,,
10/2/1998,00:12:12.0,46.8,,,,,,,,
10/2/1998,02:12:12.0,46.1,,,,,,,,
10/2/1998,04:12:12.0,45.4,,,,,,,,
10/2/1998,06:12:12.0,45.4,,,,,,,,
10/2/1998,08:12:12.0,45.4,,,,,,,,
10/2/1998,10:12:12.0,45.4,,,,,,,,
10/2/1998,12:12:12.0,46.8,,,,,,,,
10/2/1998,14:12:12.0,47.6,,,,,,,,
10/2/1998,16:12:12.0,47.6,,,,,,,,
10/2/1998,18:12:12.0,47.6,,,,,,,,
10/2/1998,20:12:12.0,46.8,,,,,,,,
10/2/1998,22:12:12.0,46.1,,,,,,,,
10/3/1998,00:12:12.0,45.4,,,,,,,,
10/3/1998,02:12:12.0,45.4,,,,,,,,
10/3/1998,04:12:12.0,44.7,,,,,,,,
10/3/1998,06:12:12.0,43.9,,,,,,,,
10/3/1998,08:12:12.0,43.9,,,,,,,,
10/3/1998,10:12:12.0,44.7,,,,,,,,
10/3/1998,12:12:12.0,45.4,,,,,,,,
10/3/1998,14:12:12.0,46.8,,,,,,,,
10/3/1998,16:12:12.0,46.8,,,,,,,,
10/3/1998,18:12:12.0,46.8,,,,,,,,
10/3/1998,20:12:12.0,46.1,,,,,,,,
10/3/1998,22:12:12.0,44.7,,,,,,,,
10/4/1998,00:12:12.0,43.9,,,,,,,,
10/4/1998,02:12:12.0,43.2,,,,,,,,
10/4/1998,04:12:12.0,43.2,,,,,,,,
10/4/1998,06:12:12.0,43.2,,,,,,,,
10/4/1998,08:12:12.0,43.2,,,,,,,,
10/4/1998,10:12:12.0,43.9,,,,,,,,
10/4/1998,12:12:12.0,45.4,,,,,,,,
10/4/1998,14:12:12.0,46.8,,,,,,,,
10/4/1998,16:12:12.0,46.8,,,,,,,,
10/4/1998,18:12:12.0,47.6,,,,,,,,
10/4/1998,20:12:12.0,46.8,,,,,,,,
10/4/1998,22:12:12.0,46.8,,,,,,,,
10/5/1998,00:12:12.0,46.8,,,,,,,,
10/5/1998,02:12:12.0,46.8,,,,,,,,
10/5/1998,04:12:12.0,46.8,,,,,,,,
10/5/1998,06:12:12.0,46.1,,,,,,,,
10/5/1998,08:12:12.0,46.1,,,,,,,,
10/5/1998,10:12:12.0,46.8,,,,,,,,
10/5/1998,12:12:12.0,47.6,,,,,,,,
10/5/1998,14:12:12.0,47.6,,,,,,,,
10/5/1998,16:12:12.0,47.6,,,,,,,,
10/5/1998,18:12:12.0,47.6,,,,,,,,
10/5/1998,20:12:12.0,46.8,,,,,,,,
10/5/1998,22:12:12.0,46.8,,,,,,,,
10/6/1998,00:12:12.0,47.6,,,,,,,,
10/6/1998,02:12:12.0,47.6,,,,,,,,
10/6/1998,04:12:12.0,47.6,,,,,,,,
10/6/1998,06:12:12.0,47.6,,,,,,,,
10/6/1998,08:12:12.0,47.6,,,,,,,,
10/6/1998,10:12:12.0,47.6,,,,,,,,
10/6/1998,12:12:12.0,47.6,,,,,,,,
10/6/1998,14:12:12.0,47.6,,,,,,,,
10/6/1998,16:12:12.0,47.6,,,,,,,,
10/6/1998,18:12:12.0,47.6,,,,,,,,
10/6/1998,20:12:12.0,47.6,,,,,,,,
10/6/1998,22:12:12.0,47.6,,,,,,,,
10/7/1998,00:12:12.0,47.6,,,,,,,,
10/7/1998,02:12:12.0,47.6,,,,,,,,
10/7/1998,04:12:12.0,47.6,,,,,,,,
10/7/1998,06:12:12.0,47.6,,,,,,,,
10/7/1998,08:12:12.0,47.6,,,,,,,,
10/7/1998,10:12:12.0,47.6,,,,,,,,
10/7/1998,12:12:12.0,47.6,,,,,,,,
10/7/1998,14:12:12.0,49,,,,,,,,
10/7/1998,16:12:12.0,49.7,,,,,,,,
10/7/1998,18:12:12.0,49.7,,,,,,,,
10/7/1998,20:12:12.0,49,,,,,,,,
10/7/1998,22:12:12.0,48.3,,,,,,,,
